tweet_created_at,id_str,tweet_text,tweet_link,hashtags,source,user_id_str,user_name,user_screen_name,location,profile_location,user_profile_description,url,protected,followers_count,friends_count,listed_count,profile_created_at,favorites_count,utc_offset,geo_enabled,verified,statuses_count,lang,status,contributors_enabled,is_translation_enabled,tweet_geo,tweet_coordinates,tweet_place,tweet_contributors,tweet_is_quote_status,tweet_retweet_count,tweet_favorite_count,classification,context_information
2021-06-25 3:19:35,1408263574900858883,"Science is constantly re-writing what we know üò¨ New research showing brain shrinkage from even mild cases of #coronavirus infection makes ‚Äúliving with #Covid‚Äù a risky and dangerous strategy, says @SamFazeli8 https://t.co/BTx12Cjr93 via @bopinion #COVID19 #DeltaVariant",twitter.com/anyuser/status/1408263574900858883,coronavirus,Twitter for Android,1379459410486046721,bendroz,bendroz,"Washington, DC",NONE,Hemp Lobbyist üå± Photographer üì∏ Crypto + DeFi üöÄ Bolo Enthusiast üá∫üá∏   4K follower account got hacked @BensHemp @theyolobolo,https://t.co/h3lf8SDI6R,FALSE,35,155,0,2021-04-06 15:42:18,67,None,FALSE,FALSE,34,None,NONE,FALSE,FALSE,None,None,None,None,FALSE,0,0,Informative,"0.23028129,0.23028129,0.16117508,0.15334654,0.14376518,0.14099401,
 0.058214  ,0.        ,0.        ,0.        "
2021-06-24 23:51:52,1408211303500550149,"Delta variant of covid is in EVERY STATE EXCEPT SD. So, it's dangerous, it's highly infectious and it's everywhere. Vaccination is the only thing between Delta and death. #covid #DeltaVariant",twitter.com/anyuser/status/1408211303500550149,covid,Twitter Web App,42660725,"Patricia Farrell, Ph.D.",drpatfarrell,United States,NONE,"Dr. Farrell is a psychologist, author, photographer, interested in  film, writing. Don't DM me.  https://t.co/IyU3d3tkHc",None,FALSE,9510,10395,463,2009-05-26 16:34:32,153,None,FALSE,FALSE,531192,None,NONE,FALSE,FALSE,None,None,None,None,FALSE,2,3,Informative,"0.21047356,0.16346523,0.        ,0.        ,0.        ,0.        ,
 0.        ,0.        ,0.        ,0.        "
2021-06-24 22:01:32,1408183535182118916,"Now seems like a good time to mention that if you don't like new and dangerous strains of #COVID striking places like Sydney, Victoria and Wellington, covid needs to be effectively dealt with at a global scale. That means patent waivers for vaccines #PeoplesVaccine",twitter.com/anyuser/status/1408211303500550149,COVID,Twitter Web App,36841359,Chris Jensen,chrisjensenj,Singapore,NONE,Developer turned facilitator & environmentalist turned developer @raisely (he/him),None,FALSE,270,195,37,2009-05-01 1:22:41,1428,None,FALSE,FALSE,1875,None,NONE,FALSE,FALSE,None,None,None,None,FALSE,0,0,Unverified,"0.20276173,0.20276173,0.20276173,0.15035034,0.12414465,0.11969164,
 0.10251437,0.        ,0.        ,0.        "
2021-06-24 21:07:57,1408170053074264065,IT IS UTTERLY galling - how since early 2020 begin of #Covid pandemic - how many GQP government officials and white wing media - STILL following lead of TFG dangerous vaxx and mask disinformation. They are cult of sheep.  Many worldwide are still dying because have no vaxx.üòîüíî https://t.co/NFEHugk1ec,twitter.com/anyuser/status/1408170053074264065,Covid,Twitter Web App,1079132387605266432,artemis888 üåê U.S. Democracy hanging by a üßµ #2022,Artemis888Infin,Left Coast ‚òïüê¨‚òîüå¶Ô∏èüåä‚õàÔ∏èüóªüå≤ü¶âüê∫,NONE,‚ôà üé∂üìñüíÉüßÅüíâ 'Let us read & and let us dance...' Voltaire #ArcticRefugeüêß  #Animalsüê∫üêÖüêàüê¶ #Climateüå±‚è≥ ‚ò† #HumanRightsüåê #ERA‚ôÄÔ∏è #RuleOfLaw‚öñÔ∏è NeverForgetJan06‚ò†,None,FALSE,26221,27780,21,2018-12-29 21:49:45,85132,None,FALSE,FALSE,75931,None,NONE,FALSE,FALSE,None,None,None,None,TRUE,1,5,Unverified,"0.17128044,0.15317702,0.1486403 ,0.05222085,0.        ,0.        ,
 0.        ,0.        ,0.        ,0.        "
2021-06-24 20:12:57,1408156209438511108,"#Delta variant triggers dangerous new phase in the pandemic #COVID https://t.co/9yx4z9HsaF ‚ÄúWe think the 157/158 mutation is one of the hallmark mutations in Delta that has given it this more immune-evasion phenotype,‚Äù",twitter.com/anyuser/status/1408156209438511108,Delta,Twitter Web App,2207006636,Sanjeev Krishna,ProfSKrishna,,NONE,"Professor Sanjeev Krishna -  Professor of Molecular Parasitology and Medicine at St George‚Äôs, UoL - #Malaria #Neglecteddiseases #COVID19 #Cancers #Diagnostics",http://t.co/ODdwG3K60q,FALSE,1140,1081,34,2013-11-21 11:34:47,382,None,TRUE,FALSE,3643,None,NONE,FALSE,FALSE,None,None,None,None,FALSE,0,0,Informative,"0.20011001,0.17365913,0.14776727,0.06101056,0.        ,0.        ,
 0.        ,0.        ,0.        ,0.        "
2021-06-25 18:37:08,1408494484158025729,#Boris considers matter closed: that's not what  the public say. This proved there was NO TRUE Threat and the whole #COVID Saga is FALSE  for else he and the G7 Mob are taking us for FOOLS. He must be SACKED. https://t.co/ZRhPsEUIKe,twitter.com/anyuser/status/1408494484158025729,Boris,Twitter Web App,126994026,Carl Barron,agpcuk,"Christchurch, Dorset",NONE,Chairman of agpcuk,http://t.co/5mXBHB6G8q,FALSE,1022,2339,15,2010-03-27 17:43:17,1015,None,FALSE,FALSE,36398,None,NONE,FALSE,FALSE,None,None,None,None,FALSE,0,0,Unverified,"0.25159488,0.23257361,0.06360197,0.        ,0.        ,0.        ,
 0.        ,0.        ,0.        ,0.        "
2021-06-25 14:37:49,1408434259396730887,High-risk #wildlife trade and the #unsustainable ways we use #land and produce #food are key factors that drive the emergence of zoonotic #diseases like #COVID-19. Tell #US leaders to help prevent future #pandemics: https://t.co/yHZBOFtHrH @world_wildlife,twitter.com/anyuser/status/1408434259396730887,wildlife,Twitter for iPhone,1083761707,J-Me,1Springhead,,NONE,Anomalous. Meet me in the middle.,None,FALSE,65,202,13,2013-01-12 18:26:42,168,None,FALSE,FALSE,4972,None,NONE,FALSE,FALSE,None,None,None,None,FALSE,0,0,Unverified,"0.20654233,0.20654233,0.15829623,0.1531537 ,0.09976508,0.0522129 ,
 0.        ,0.        ,0.        ,0.        "
2021-06-25 13:41:03,1408419974570463235,If yous a true #patriot take off the mask you #sheep!! #nomask #slaves #trump #muslim #trumpsupporters #donaldtrump #maga #makeamericagreatagain #trumpreinstated #america #covid_19 #nomask #trump4ever #covid #conservatives #republicanparty #mask #coronavirus #god #RHOBH #CWS #GOP https://t.co/gGw4Utby0a,twitter.com/anyuser/status/1408419974570463235,patriot,Twitter for iPhone,1390145924396167168,Mike Oxmall's Guns & Ammo,MikeOxmaulGlock,"Philadelphia, PA",NONE,"TRUMP 2024. Mike Oxmall's Guns & Ammo is not a family owned small business located in Philadelphia, PA.",https://t.co/9P2sSotef4,FALSE,723,2336,0,2021-05-06 3:26:44,188,None,FALSE,FALSE,755,None,NONE,FALSE,FALSE,None,None,None,None,FALSE,0,0,Unverified,"0.31590494,0.13333159,0.04815735,0.        ,0.        ,0.        ,
 0.        ,0.        ,0.        ,0.        "
2021-06-25 13:14:34,1408413309112553476,"While everyone is busy chewing over @MattHancock's well timed dead cat story, this is the real scandal sneaking under the radar. 600m Covid tests lost. *Lost* by track and trace, and @didoharding wants to run our #NHS!  #TrackAndTrace #COVID #DeadCat https://t.co/hSmMDu5iff",twitter.com/anyuser/status/1408413309112553476,NHS,Twitter for Android,1045865004,Jane üíô,Jane01010,,NONE,Optimistic me eclipses pessimistic me ... most times.,None,FALSE,167,141,3,2012-12-29 20:16:34,14219,None,FALSE,FALSE,9748,None,NONE,FALSE,FALSE,None,None,None,None,FALSE,49,51,Informative,"0.18333975,0.15770626,0.10027595,0.        ,0.        ,0.        ,
 0.        ,0.        ,0.        ,0.        "
2021-06-24 19:59:42,1408152876761894912,It's true:  1/  #Covid has never been isolated.  2/ - the #PCRtest is a fraud.  3/ - The vaccine doesn't meet clinical standards 4a 'vaccine' - it alters your genes.  ** Waking up yet or believing #Media + #government lies still?  #CovidWasAnInsideJob #Agenda21  #OntarioVaccine https://t.co/eP0HqvHgu6,twitter.com/anyuser/status/1408152876761894912,Covid,Twitter Web App,34107577,Barry Dutton | #Liberty Maximalist $BTC $CEL $ETH,BarryDutton,#Canadastan | #TaxationIsTheft,NONE,REALTOR¬Æ since 1991 | #Bitcoin #SoundMoney #Crypto #Blockchain $Gold $Silver #Freedom #Liberty #CelsiusNetwork #CEL #PropertyRights #Bushcraft enthusiast,https://t.co/3WhrqWIkTX,FALSE,2871,4108,0,2009-04-22 0:24:11,6079,None,FALSE,FALSE,24350,None,NONE,FALSE,FALSE,None,None,None,None,TRUE,0,1,Misinformative,"0.2003248 ,0.16825713,0.05736194,0.        ,0.        ,0.        ,
 0.        ,0.        ,0.        ,0.        "
2021-06-25 19:20:00,1408505272138534912,"#Vaccines have proven to work against #COVID-19.   To help keep everyone safe, we created NowAware: A simple, accessible &amp; highly accurate detection process that, in conjunction with the deployment of the vaccine, will help bring the spread of COVID-19 to an end https://t.co/fdk7Qy4Stj",twitter.com/anyuser/status/1408505272138534912,Vaccines,TweetDeck,1245014507967086592,NowAwarekit,nowawarekit,"Lowell, MA",NONE,"The Reliable, Rapid Result Coronavirus Test Kit",https://t.co/BT12qp8L2x,FALSE,14,4,0,2020-03-31 15:46:23,3,None,FALSE,FALSE,2479,None,NONE,FALSE,FALSE,None,None,None,None,FALSE,0,0,Unverified,"0.33460046,0.22562027,0.22562027,0.21796039,0.20856275,0.17940273,
 0.1331852 ,0.11407143,0.09959277,0.        "
2021-06-25 18:34:15,1408493759067615232,#COVID19TN Covid positive cases today in TN 5755 Individuals Tested 168406 TPR in TN is 3.42%. TPR dipped. TPR yesterday 3.68%. Fatality dipped. Follow appropriate covid protocols. Stay home Stay safe. Avoid third wave #CovidVaccine #COVID #Corona #DeltaPlusVariant https://t.co/cPfZ7oiwqK,twitter.com/anyuser/status/1408493759067615232,COVID19TN,Twitter for Android,1299250539033575424,AIIEAchennai1,iceuchennaidiv1,,NONE,unity is our strength,None,FALSE,194,193,0,2020-08-28 7:44:15,206,None,FALSE,FALSE,392,None,NONE,FALSE,FALSE,None,None,None,None,FALSE,1,0,Informative,"0.16109622,0.14027554,0.13357277,0.12217304,0.10057277,0.        ,
 0.        ,0.        ,0.        ,0.        "
2021-06-25 16:54:12,1408468582275588101,45k+ New #Covid cases Reported today in India.  (60k recovered)  Stay Safe.. Be Vaccinated üëç  #CovidIndia #COVID19India,twitter.com/anyuser/status/1408468582275588101,Covid,Twitter for Android,3316848282,TollywoodBoxoffice.IN,TBO_Updates,Hyderabad,NONE,"Official Twitter Handle of https://t.co/2DkwTB9VIi, Portal for Tollywood News, Boxoffice Updates.  Contact us at info@tollywoodboxoffice.in",https://t.co/ZHgk2srDSu,FALSE,16625,273,25,2015-08-16 14:07:59,1255,None,TRUE,FALSE,8602,None,NONE,FALSE,FALSE,None,None,None,None,FALSE,3,25,Informative,"0.30153567,0.21619077,0.21202356,0.20810907,0.08754088,0.        ,
 0.        ,0.        ,0.        ,0.        "
2021-06-25 16:21:16,1408460292535689219,Breaking now: the ministry states that pregnant women can get the vaccine and the jab is safe for them and their child.  #Covid #Covid19 #Immunise #Vaccine #VaccineForAll #VaccineNews #VaccineUpdates #India #VacineUpdatesIndia #women #womenhealth #mothers #pregnant https://t.co/m3x4drg7fP,twitter.com/anyuser/status/1408460292535689219,Covid,Twitter for Android,1402216727442718720,immunise.in,immunise_india,,NONE,"Verifiable & scientific information by public health experts & doctors in 12 languages on Covid19 vaccine for India. Solving vaccine access, equity & hesitancy.",https://t.co/JJI31oB3d2,FALSE,18,8,0,2021-06-08 10:51:48,9,None,FALSE,FALSE,68,None,NONE,FALSE,FALSE,None,None,None,None,FALSE,0,2,Informative,"0.42893569,0.21446785,0.18933978,0.05421644,0.        ,0.        ,
 0.        ,0.        ,0.        ,0.        "
2021-06-25 15:53:17,1408453251855433732,"Premier Alan #Winde has called on residents to be safe over the weekend, as the chances of getting infected with #Covid-19 are greater now than in previous weeks. The Western Cape recorded nearly 1 700 new Covid-19 cases over the last 24 hours. #Smile904FMNews",twitter.com/anyuser/status/1408453251855433732,Winde,Fabrik.fm,872016284,Smile90.4 FM,Smile904FM,"Cape Town, South Africa",NONE,"Smile 90.4FM is a bilingual radio station offering entertainment, information + inspiration to the Cape Metropole. Studio: 0861 99 00 44 Whatsapp: 082 9 904 904",https://t.co/gs1g4xOBWB,FALSE,11850,1378,54,2012-10-10 15:38:49,3391,None,TRUE,FALSE,21639,None,NONE,FALSE,FALSE,None,None,None,None,FALSE,0,0,Informative,"0.21769243,0.21769243,0.2103017 ,0.20123428,0.16142164,0.13590592,
 0.13328625,0.11006319,0.        ,0.        "
2021-06-25 14:33:01,1408433049373655048,"This is enlightening. About time the truth came out. Just 6% of deaths were attributed to #covid Yet @BBCNews @SkyNews etc harps on every day about thousands testing positive, and deaths within 28 days of pcr test, no matter the ACTUAL cause, nothing said on jab side effects! https://t.co/s0mWhOK1pc",twitter.com/anyuser/status/1408433049373655048,covid,Twitter for Android,450870940,Fiona Anderson,FionaLegal,"Wokingham, England",NONE,Elected public Governor of an NHS Hospital FT in South England. Writer/Researcher/ Nature Photographer. ‚ù§ cats. LL.B (Hons) grad. Stands up for what's right...,https://t.co/CaSUWIHiGk,FALSE,327,1652,8,2011-12-30 19:19:49,6069,None,TRUE,FALSE,15131,None,NONE,FALSE,FALSE,None,None,None,None,TRUE,0,1,Misinformative,"0.2132244 ,0.2132244 ,0.18566647,0.1767948 ,0.1767948 ,0.1767948 ,
 0.16954612,0.15810854,0.0539021 ,0.        "
2021-06-25 10:55:56,1408378422120886272,CDC links Pfizer Covid vaccine to heart inflammation - latest update and symptoms to spot  https://t.co/nGvloF4VzT  #COVID #CovidVaccine #Pfizer #Covid19UK #Covid19 #Covid_19 #UK #eu,twitter.com/anyuser/status/1408378422120886272,COVID,Twitter for iPhone,2418922083,Villain üí´üè¥Û†ÅßÛ†Å¢Û†Å•Û†ÅÆÛ†ÅßÛ†Åøüá¨üáßüá¶üá∫üá®üá¶üá≥üáøüá∫üá∏,Villain1982,Villain Park üè¥Û†ÅßÛ†Å¢Û†Å•Û†ÅÆÛ†ÅßÛ†Åø,NONE,Aston Villa F.C - U.K. Exit From EU - 2021 ü•Ç,None,FALSE,268,240,7,2014-03-18 1:39:59,43614,None,FALSE,FALSE,28436,None,NONE,FALSE,FALSE,None,None,None,None,FALSE,1,1,Informative,"0.47873078,0.22792783,0.21858267,0.18751426,0.1389836 ,0.12134293,
 0.        ,0.        ,0.        ,0.        "
2021-06-25 7:46:52,1408330841592303616,SARS-CoV-2 infection pathogenesis is related to oxidative stress as a response to aggression' https://t.co/mb66AWkpuH  #CovidVaccine #Covid   'Oxidative Stress and Endometriosis https://t.co/qyxIzioFre  'Are Covid vaccines causing period problems? https://t.co/gEvzUr6cV1,twitter.com/anyuser/status/1408330841592303616,CovidVaccine,Twitter for Android,463244647,Elizabeth Maiden,Fair_Maiden7,"Yorkshire, England",NONE,"Realistic idealist, frustrated with politics, religion and liars in general. ‚ÄúVery Voluntarily Persona Non Grata‚Äù Very into facts. INFP.",None,FALSE,474,255,2,2012-01-13 22:03:12,4931,None,FALSE,FALSE,10250,None,NONE,FALSE,FALSE,None,None,None,None,FALSE,0,0,Informative,"0.21172377,0.124982  ,0.10704549,0.        ,0.        ,0.        ,
 0.        ,0.        ,0.        ,0.        "
2021-06-24 17:56:36,1408121895027830786,"There are other side effects  following #COVID-19 vaccines are #fatigue, a #fever, #headaches, body aches, chills, #nausea, #diarrhea, and pain at the site of injection, according to the World Health OrganizationTrusted Source. https://t.co/amz1Py2lDg",twitter.com/anyuser/status/1408121895027830786,COVID,Twitter Web App,110838368,Adino Adonai,Adinoadonai,los angeles,NONE,"artist, musician,counselor, humanitarian, philosopher, priest (not Joel Osteen)
 A servant of humanity!",https://t.co/7VEEuqfE4K,FALSE,381,142,23,2010-02-02 23:14:01,423,None,TRUE,FALSE,42099,None,NONE,FALSE,FALSE,None,None,None,None,TRUE,0,0,Informative,"0.20787825,0.1881133 ,0.15432489,0.12627797,0.06608865,0.        ,
 0.        ,0.        ,0.        ,0.        "
2021-06-24 17:43:28,1408118591883341826,She says one death could occur out of 1 million people who are not vaccinated! And mild side effects shouldn't stop that!   1 million shots given to persons with unknown heart issues will be higher than that! Enough isnt known at this point how #Covid effect the ‚ù§Ô∏è heart! https://t.co/IPZeALk7u7,twitter.com/anyuser/status/1408118591883341826,Covid,Twitter Web App,110838368,Adino Adonai,Adinoadonai,los angeles,NONE,"artist, musician,counselor, humanitarian, philosopher, priest (not Joel Osteen)
 A servant of humanity!",https://t.co/7VEEuqfE4K,FALSE,381,142,23,2010-02-02 23:14:01,423,None,TRUE,FALSE,42099,None,NONE,FALSE,FALSE,None,None,None,None,TRUE,0,0,Misinformative,"0.2149446 ,0.1782211 ,0.1291741 ,0.12070516,0.05433696,0.        ,
 0.        ,0.        ,0.        ,0.        "
2021-06-24 14:38:53,1408072139672997892,"But I was told, I was a conspiracy theorist, for even mentioning this treatment? Why would this effective treatment not be used?  instead they injected the population with a jab that‚Äôs new and no one knows the long term side effects ü§∑üèª‚Äç‚ôÄÔ∏è  Nothing makes sense!! #Covid https://t.co/0uqgnLGirm",twitter.com/anyuser/status/1408072139672997892,Covid,Twitter for iPad,53013955,Sarah A üå∏,sarahandrews77,worcestershire UK,NONE,#OriginalBrexiteerüè¥Û†ÅßÛ†Å¢Û†Å•Û†ÅÆÛ†ÅßÛ†Åøüè¥Û†ÅßÛ†Å¢Û†Å≥Û†Å£Û†Å¥Û†Åøüè¥Û†ÅßÛ†Å¢Û†Å∑Û†Å¨Û†Å≥Û†ÅøüáÆüá™üá¨üáß #SilentMajority. #DefundTheBBC #ReformNHS #VaccineRefusenik #freethinker,None,FALSE,6425,6419,29,2009-07-02 8:56:59,43294,None,TRUE,FALSE,14913,None,NONE,FALSE,FALSE,None,None,None,None,TRUE,1,2,Informative,"0.19395362,0.19395362,0.17927793,0.14322121,0.05913357,0.        ,
 0.        ,0.        ,0.        ,0.        "
2021-06-24 13:06:57,1408049002042494989,I just wanted to say 30% of the people I know have had horrible side effects from the #vaccine I only know 2 people who have got #covid so I know more people affected by the #vaccine then #covid,twitter.com/anyuser/status/1408049002042494989,vaccine,Twitter for iPhone,2281406539,Andy Harris,AndyHar36971693,Omaha NE,NONE,realtor & Husband,None,FALSE,32,110,0,2014-01-08 1:31:58,1614,None,FALSE,FALSE,740,None,NONE,FALSE,FALSE,None,None,None,None,FALSE,0,0,Unverified,"0.53665736,0.45256511,0.23715933,0.22273738,0.13581861,0.        ,
 0.        ,0.        ,0.        ,0.        "
2021-06-24 10:44:58,1408013272327000068,"üö® Car insurance might be void if you have an accident caused by the side effects of a coronavirus vaccine, lawyers warn. üëá  https://t.co/pNqBfdrKVQ #Covid #Covid19 #Coronavirus #Lockdown #Vaccine #Insurance #uk",twitter.com/anyuser/status/1408013272327000068,Covid,Twitter Web App,266067803,Infinite Idiocracy,Infinite_Ennui,,NONE,Ego Odi Hypocrisis,None,FALSE,998,987,15,2011-03-14 16:00:42,190147,None,FALSE,FALSE,81111,None,NONE,FALSE,FALSE,None,None,None,None,FALSE,0,0,Unverified,"0.35296916,0.22261131,0.06374356,0.        ,0.        ,0.        ,
 0.        ,0.        ,0.        ,0.        "
2021-06-24 10:02:34,1408002603296903169,"(YouGov):What side effects of the #COVID-19 vaccine have #Britons experienced? : Four in ten vaccine recipients report no side effects at all As the coronavirus vaccination programme continues apace, a YouGov survey conducted on .. #TrendsSpy https://t.co/glsSI5e1TT https://t.co/5qzF4iPGXu",twitter.com/anyuser/status/1408002603296903169,COVID,Newsoneplace To Twitter,3534222021,NewsOnePlace.com,newsoneplace,,NONE,"https://t.co/WWMmIkl7DB is a news aggregator, it gathers news from different sources around the UK and the world, 24/7 automatically. All news in one place. #TrendsSpy",https://t.co/ojosfP11T7,FALSE,790,136,1504,2015-09-03 13:15:22,12,None,FALSE,FALSE,1450360,None,NONE,FALSE,FALSE,None,None,None,None,FALSE,0,0,Misinformative,"0.20029979,0.15879617,0.14769702,0.10958984,0.05735477,0.        ,
 0.        ,0.        ,0.        ,0.        "
2021-06-24 2:58:32,1407895891512594436,The W.H.O. Is recommending NOT to vaccinate children and Young People! The Risk are Too HIGH &amp; side effects unknown! Facebook censoring! ‚ò†Ô∏è‚ò†Ô∏è‚ò†Ô∏è Wake up People!   #Covid #ChinaVirus #CCPVirus #Vaccine #Vax #Jab #ExperimentalDrug #WHO üíÄüíÄüëáüëáüëá https://t.co/GOybYwRxYv,twitter.com/anyuser/status/1407895891512594436,Covid,Twitter for iPad,1348454753592864768,RRowe,RRowe74038797,"Texas, USA",NONE,"Flightsim enthusiasts, Digital Combat Simulator, Private Pilot, Proud Disabled USCG veteran, conservative, Christian!",None,FALSE,76,351,0,2021-01-11 2:20:54,7522,None,FALSE,FALSE,3492,None,NONE,FALSE,FALSE,None,None,None,None,FALSE,1,3,Informative,"0.27456993,0.18736358,0.1079129 ,0.06180057,0.        ,0.        ,
 0.        ,0.        ,0.        ,0.        "
2021-06-25 17:36:22,1408479194531565574,"TMC MP #MimiChakraborty  and more than 250 others had taken a #Covid-19 vaccine at the fake vaccination centre run by Debanjan Dev, who identified himself as an IAS officer. He was arrested. @mimichakraborty #fakevaccinationcamp  https://t.co/BYLQqhmSrz via @utkaltoday",twitter.com/anyuser/status/1408479194531565574,MimiChakraborty,Twitter for Android,1250034659766853633,Utkal Today,utkaltoday,"Bhubaneshwar, India",NONE,"New age media company focusing on social issues, politics, culture, international relations, Science etc.",https://t.co/8ugSGat0jb,FALSE,64,207,0,2020-04-14 12:14:32,56,None,FALSE,FALSE,4142,None,NONE,FALSE,FALSE,None,None,None,None,FALSE,0,0,Informative,"0.14503413,0.10761399,0.09834425,0.0563207 ,0.        ,0.        ,
 0.        ,0.        ,0.        ,0.        "
2021-06-25 8:01:06,1408334423292973059,The Bombay High Court on Thursday directed both the state and the BMC to file affidavits to state the new policy guidelines to ensure there is no repeat of the fake vaccination camps that occurred in  #covid #vaccine #health https://t.co/M3nflNTk4H,twitter.com/anyuser/status/1408334423292973059,covid,Twitter for iPhone,1182310020706226176,NewsHamster,NewsHamster1,"Bengaluru, India",NONE,"Official handle of NewsHamster Latest updates and neutral news Brought to you by, freedom of speech and expression. RT doesn't equate to endorsement or like.",https://t.co/FPSFG5n1K4,FALSE,167,388,1,2019-10-10 15:01:03,1059,None,FALSE,FALSE,2855,None,NONE,FALSE,FALSE,None,None,None,None,FALSE,0,0,Informative,"0.16622404,0.15038461,0.14144072,0.10197228,0.05839844,0.        ,
 0.        ,0.        ,0.        ,0.        "
2021-06-25 6:37:20,1408313341789892609,"Over 2,000 in Mumbai duped in fake vaccine drives, says govt #fake #vaccine #mumbai #maharashtra #covid #counterfeit #anticounterfeiting #ktpil #trackpack https://t.co/ySgzE6tUYy",twitter.com/anyuser/status/1408313341789892609,fake,Twitter Web App,3010939058,Arun Agarwal,ArunKTPIL,,NONE,"MD of @KTPIL, Vice President @ASPAGlobal. Views are my own.",https://t.co/QCm4ayOMDe,FALSE,22,95,0,2015-02-06 6:24:40,71,None,FALSE,FALSE,165,None,NONE,FALSE,FALSE,None,None,None,None,FALSE,1,0,Informative,"0.21692826,0.06211625,0.        ,0.        ,0.        ,0.        ,
 0.        ,0.        ,0.        ,0.        "
2021-06-25 6:20:01,1408308985749508103,"Africa‚Äôs biggest seizure to date of 500,000 fake #Chinese #COVID-19 vaccines, is latest setback in uphill battle to combat 3rd wave with legitimate inoculation doses - https://t.co/2EK3AyQwzg",twitter.com/anyuser/status/1408308985749508103,Chinese,Hootsuite Inc.,3402412635,ADF Magazine,ADFmagazine,Africa,NONE,"Africa Defense Forum (ADF) magazine is a security affairs journal that focuses on all issues affecting peace, stability, and good governance in Africa.",https://t.co/eiFtgoUia6,FALSE,1353,338,31,2015-08-04 9:19:35,642,None,FALSE,FALSE,16262,None,NONE,FALSE,FALSE,None,None,None,None,FALSE,0,0,Misinformative,"0.2410835 ,0.14231325,0.11644932,0.06094475,0.        ,0.        ,
 0.        ,0.        ,0.        ,0.        "
2021-06-24 20:44:40,1408164191463165952,"Young people citing fake medical conditions to get an early jab, GGD hardly checks https://t.co/4w2VbPxjPu #CoronaCheck #Covid #india #news #vaccine #Europe",twitter.com/anyuser/status/1408164191463165952,CoronaCheck,Twitter for iPhone,1369529462426066951,Abhi,abhiscien,,NONE,A composed scientist| travel enthusiast|walker|outdoorsman|porch gardener|my pics ¬© |üå≤‚úàÔ∏èüöÜüöùüé¢ü•¢#travel #photography #world #india üáÆüá≥,None,FALSE,0,33,0,2021-03-10 6:04:25,6,None,FALSE,FALSE,89,None,NONE,FALSE,FALSE,None,None,None,None,FALSE,0,1,Unverified,"0.27207071,0.23690726,0.15278513,0.12009681,0.06877816,0.        ,
 0.        ,0.        ,0.        ,0.        "
2021-06-24 19:00:01,1408137856233754629,A fake #COVID vaccination camp was allegedly held in Kasba area of #Kolkata in West Bengal on Tuesday triggering concerns among people who took the 'fake' jab.   https://t.co/xd4T5LUU42,twitter.com/anyuser/status/1408137856233754629,COVID,Twitter Web App,3638215945,Mirror Now,MirrorNow,India,NONE,MIRROR NOW's Mission: Demand accountability and relentlessly drive improvement by addressing everyday issues.,https://t.co/OujxBx98Ll,FALSE,101870,24,356,2015-09-21 13:31:19,1,None,FALSE,TRUE,123721,None,NONE,FALSE,FALSE,None,None,None,None,FALSE,2,4,Informative,"0.1645241 ,0.14192466,0.06388919,0.        ,0.        ,0.        ,
 0.        ,0.        ,0.        ,0.        "
2021-06-24 12:46:07,1408043759938453511,"How some corrupted #tanzanians people can start lie about #covid whereas in USA everybody know that all about this fake pandemic was false ? #Fauci lied about #Vaccine, #mask, #treatments, #LockDown, danger of #covid... Eh guys, it is too late to start propaganda... #FauciEmails https://t.co/raMtb8bpyG",twitter.com/anyuser/status/1408043759938453511,tanzanians,Twitter for Android,1355096022708604928,Truth About Covid,Vaccineinauwa,,NONE,Truth- Ntasema Ukweli- Vaccine inauwa Vaccine ni mbaya. Telegram : https://t.co/njWepb7a5t Let's join us on telegram to share information.,https://t.co/njWepb7a5t,FALSE,280,1441,0,2021-01-29 10:13:04,186,None,FALSE,FALSE,437,None,NONE,FALSE,FALSE,None,None,None,None,FALSE,1,2,Misinformative,"0.19657533,0.17632056,0.15301421,0.14160731,0.11941797,0.10751502,
 0.09386854,0.        ,0.        ,0.        "
2021-06-25 20:29:04,1408522652386533376,"COVID-19 BY THE NUMBERS 7:00 P.M. ET, JUNE 24, 2021   reported 7-day change -33%  Deaths + 27%  Hospitalized -20%  #Covid #Canada https://t.co/UrgjZzjlaJ",twitter.com/anyuser/status/1408522652386533376,Covid,Twitter Web App,257120803,chris west,cwest0583,St. Marys Ontario Canada,NONE,"Director, AllRoads Dodge Jeep Ram Chrysler  https://t.co/hfd6oHaUDt ; Director Goals childrens breakfast program; Board Member Transport Action Ontario",https://t.co/hfd6oHaUDt,FALSE,2566,3070,100,2011-02-24 19:38:04,144,None,TRUE,FALSE,21266,None,NONE,FALSE,FALSE,None,None,None,None,FALSE,0,0,Informative,"0.27040206,0.24995892,0.13671267,0.13061091,0.        ,0.        ,
 0.        ,0.        ,0.        ,0.        "
2021-06-25 20:12:07,1408518388457017344,"Pakistan put on UKs travel red list is another example. Pakistan sustained and contained #COVID. India who had the delta variant remained off the list. On 4th of May India had reported  382,146 new cases &amp; Pakistan reported 0. Pakistan was on red list and India wasn‚Äôt.",twitter.com/anyuser/status/1408518388457017344,COVID,Twitter for iPhone,64072954,Shezreh Mirza,ShezrehMirza,Karachi and Badin,NONE,"Associate Lawyer at Ministry of Law and Justice. Proud Spartan, Major Economics & Public Policy. LLM-LPC. #GYC2012 #CYP2012 #ILCC2019",None,FALSE,37326,1245,138,2009-08-09 0:21:13,4704,None,TRUE,FALSE,50327,None,NONE,FALSE,FALSE,None,None,None,None,FALSE,2,12,Misinformative,"0.13153247,0.09430429,0.09248652,0.03818609,0.        ,0.        ,
 0.        ,0.        ,0.        ,0.        "
2021-06-25 20:05:53,1408516819980259328,"With #COVID -19, we know that Black communities have been more devastated. More than 23 % of all reported COVID-19 deaths are of Black people in the USA. However, Canada has still not collected specific race-based data in #maternalmortality with #covid.  https://t.co/53RotWgOzW",twitter.com/anyuser/status/1408516819980259328,COVID,Twitter for iPhone,2907068391,Sandra Mutilva,SandraMutilva,"Ottawa, Ontario. ",NONE,Ph.D.(c) Organizational Leadership. MBA. Healthcare Innovator. Entrepreneur. Martial Arts practitioner. Amateur Astronomist & Sommelier. Emeritus Midwife.,https://t.co/1iHawvaLGD,FALSE,88,64,7,2014-12-06 1:00:01,4119,None,TRUE,FALSE,1722,None,NONE,FALSE,FALSE,None,None,None,None,FALSE,0,0,Informative,"0.23390016,0.22595918,0.20367002,0.20367002,0.17738649,0.15575638,
 0.13134992,0.        ,0.        ,0.        "
2021-06-25 19:03:34,1408501137502789634,"‚ÄúOfficials reported 17 new cases on Friday, taking the cluster to 65 cases. It is the first lockdown in #Australia largest city since December. The country has consistently maintained very low rates of #Covid transmission.‚Äù ‚Å¶@BBCWorld‚Å© #DeltaVariant https://t.co/tdWSykAAvK",twitter.com/anyuser/status/1408501137502789634,Australia,Twitter for iPhone,1229675046,Christina Ayiotis,christinayiotis,United States,NONE,#CyberExecutive #GeneralCounsel #MotherOfMathGoddess #Cook #WorldTraveller #InfoSec #Privacy #CyberEvangelist #DiversityAdvocate #AI #CyberRiskManagement,https://t.co/yXrcODm2wH,FALSE,3607,3598,658,2013-03-01 12:17:05,61262,None,TRUE,FALSE,109769,None,NONE,FALSE,FALSE,None,None,None,None,FALSE,1,1,Informative,"0.28077528,0.20787032,0.195808  ,0.18645173,0.13768158,0.05684635,
 0.        ,0.        ,0.        ,0.        "
2021-06-25 18:21:52,1408490643345846279,"Lancaster County COVID Numbers (06/25/21):  Total Deaths: 1,163 Deaths reported today: 0 Total Cases: 55,386 Cases reported today: 6 Mortality Rate: 2.10% (PA= 2.28%, Natl= 1.80%) Total Tests: 216,139 Tests reported today: 176 % today's tests positive: 3.41% #COVID",twitter.com/anyuser/status/1408490643345846279,COVID,Twitter Web App,3008955041,Zak Gregg,ZakGregg,"Lancaster, PA",NONE,"Queer,  he/him/grandpa, Still aggregating COVID numbers in Lancaster County, Proud @LancStandsUp Member. Thoughts are my ownüòÅ.",https://t.co/gfj4PflLIe,FALSE,261,130,5,2015-02-01 1:10:24,2660,None,TRUE,FALSE,2314,None,NONE,FALSE,TRUE,None,None,None,None,FALSE,0,0,Informative,"0.34802738,0.18216555,0.12096892,0.07376324,0.        ,0.        ,
 0.        ,0.        ,0.        ,0.        "
2021-06-25 16:36:19,1408464081179185160,"#Rajasthan #CoronaUpdate  131 #COVID cases reported Out of which 12 from #Jaipur Today's #Recovered‚úÖ277.  No death for the 2nd consecutive day.  State has consistently done well to bend Covid curve.  Disciplined behaviour, following rules is required to win this battle. üëèüëèüëè",twitter.com/anyuser/status/1408464081179185160,Rajasthan,Twitter for Android,2844745946,Mr Kumawat Ji ‚ú™,MrKumawatJi,"Jaipur, India",NONE,CEO & Founder : @AKGJAIPUR Businessman Bussiness Coach Motivational Speaker,https://t.co/HY1Wq3Skoy,FALSE,410,557,0,2014-10-07 20:57:01,9322,None,TRUE,FALSE,2384,None,NONE,FALSE,FALSE,None,None,None,None,FALSE,0,1,Informative,"0.20128717,0.14431602,0.1168741 ,0.        ,0.        ,0.        ,
 0.        ,0.        ,0.        ,0.        "
2021-06-25 15:36:12,1408448951804518405,"Maharashtra - ‚Ä¢ 9,677 new Covid cases in the state today ‚Ä¢ 156 #COVID-19 deaths reported in the state today.",twitter.com/anyuser/status/1408448951804518405,COVID,Twitter Web App,140334695,Satya Prakash Sharma,mumbaireporter,Mumbai,NONE,"Journalist @Republic @Republic_Bharat Former Correspondent at India News @inkhabar satyanews@gmail.com   ‡§µ‡§ø‡§ö‡§æ‡§∞ ‡§®‡§ø‡§ú‡•Ä ‡§π‡•à, ‡§∏‡§®‡•ç‡§∏‡•ç‡§•‡§æ‡§® ‡§ï‡•á ‡§®‡§π‡•Ä !",https://t.co/Vw163uRZnD,FALSE,531,1859,5,2010-05-05 6:57:52,2062,None,TRUE,FALSE,6076,None,NONE,FALSE,FALSE,None,None,None,None,FALSE,0,2,Misinformative,"0.20699867,0.20300864,0.16763754,0.16015554,0.        ,0.        ,
 0.        ,0.        ,0.        ,0.        "
2021-06-25 15:20:41,1408445045246677002,"#COVID19 ALERT: Gov. Murphy says there were 0 reported in-hospital #COVID deaths in #NewJersey yesterday, for the first time since July 2020. https://t.co/F1pTVm3Q5L",twitter.com/anyuser/status/1408445045246677002,COVID19,TweetDeck,18917882,News12NJ,News12NJ,New Jersey,NONE,"24/7 Hyper-local breaking news, weather, traffic and more. Download our app or go to https://t.co/qOzTZWuxjH for updates. For news tips, call (732) 346-3270. #NewJersey",https://t.co/nxODMQxuH0,FALSE,483325,491,1743,2009-01-12 22:13:36,866,None,TRUE,TRUE,88726,None,NONE,FALSE,FALSE,None,None,None,None,FALSE,17,129,Informative,"0.30941183,0.22943272,0.07821782,0.        ,0.        ,0.        ,
 0.        ,0.        ,0.        ,0.        "
2021-06-25 14:46:33,1408436456293548034,"No substantial #COVID outbreaks' reported after mass test events, report finds. https://t.co/PzAloBauwo https://t.co/OpYRGEZbdf",twitter.com/anyuser/status/1408436456293548034,COVID,Twitter for iPhone,617029017,Graham Scambler,GrahamScambler,,NONE,"Sociologist. Emeritus Prof, UCL, and Visiting Prof, Surrey University; theory, politics, health, sport, jazz, art; atheist, republican, socialist. Own views.",https://t.co/gtKFDfLf3c,FALSE,7423,2793,338,2012-06-24 9:18:17,53584,None,FALSE,FALSE,143404,None,NONE,FALSE,FALSE,None,None,None,None,FALSE,0,0,Unverified,"0.33559313,0.33559313,0.26684804,0.08483632,0.        ,0.        ,
 0.        ,0.        ,0.        ,0.        "
2021-06-25 14:34:23,1408433395575660544,"#Bengaluru reported  new 614 #COVID19 cases and 17 #covid deaths on Thursday (24-06-2021, 00:00 to 23:59) https://t.co/UpRS9sLOWg",twitter.com/anyuser/status/1408433395575660544,Bengaluru,Twitter Web App,1262635660554334208,Bangalore 247,247Bangalore,Bengaluru,NONE,"Bangalore 247 is an online news portal based in Bengaluru, karnataka. Stay tuned to get more updates!",https://t.co/A77SvpdGJy,FALSE,617,91,2,2020-05-19 6:46:43,0,None,FALSE,FALSE,1414,None,NONE,FALSE,FALSE,None,None,None,None,FALSE,0,2,Informative,"0.24481592,0.16533929,0.16215227,0.06694988,0.        ,0.        ,
 0.        ,0.        ,0.        ,0.        "
2021-06-25 13:11:17,1408412484361506819,‚ÄúCOVID Cases have decreased recently and are at a moderate level. The number of hospitalized #Covid patients has also fallen in the Suffolk County area‚Äù  31 New Covid Cases Reported  NYT,twitter.com/anyuser/status/1408412484361506819,Covid,Twitter Web App,1140183523,Ipomea,Santanumalbum,"Long Island, New York",NONE,Adopt a #Dog or #Cat from a shelter - Bring more love and joy into your life today - Please RETWEET for all animals looking for #Adoption. #URGENT PODR,None,FALSE,2550,5004,37,2013-02-01 16:46:24,32225,None,FALSE,FALSE,148045,None,NONE,FALSE,FALSE,None,None,None,None,FALSE,0,0,Informative,"0.32596214,0.24132414,0.19798494,0.15983951,0.        ,0.        ,
 0.        ,0.        ,0.        ,0.        "
2021-06-25 13:03:30,1408410525449347073,"#Rajasthan #CoronaUpdate  131 #COVID cases reported Out of which 12 from #Jaipur Today's #Recovered‚úÖ277  No death for the 2nd consecutive day  State has consistently done well to bend Covid curve  Disciplined behaviour, following rules is required to win this battle üò∑üß¥üëèüßç‚Äç‚ôÄÔ∏è__üßç‚Äç‚ôÄÔ∏è",twitter.com/anyuser/status/1408410525449347073,Rajasthan,Twitter Web App,109504853,Lokesh Sharma,_lokeshsharma,"Jaipur, India",NONE,"OSD to Hon‚Äôble CM, Rajasthan | Man On A Mission. Tweets are personal, RTs do not imply endorsement.",None,FALSE,51163,640,41,2010-01-29 8:01:11,47331,None,FALSE,TRUE,18135,None,NONE,FALSE,FALSE,None,None,None,None,FALSE,112,325,Informative,"0.19611548,0.1406081 ,0.11387125,0.        ,0.        ,0.        ,
 0.        ,0.        ,0.        ,0.        "
2021-06-25 15:07:08,1408441638121361410,"Well. I have another unwanted #Covid aftermath issue I have to deal with. With a weakened immune system, I developed a severe sinus infection that helped kill the root systems of my upper molars. And this afternoon, I have to have them pulled &amp; I am super nervousüò¨ #FridayVibes",twitter.com/anyuser/status/1408441638121361410,Covid,Twitter for iPad,361568060,CATHERINE BRIGHTONüå∫,cath_brighton,National Capital Region,NONE,Just Thankfulüåπ,None,FALSE,696,654,12,2011-08-25 0:15:32,40104,None,FALSE,FALSE,16411,None,NONE,FALSE,FALSE,None,None,None,None,FALSE,0,0,Unverified,"0.18563168,0.05659633,0.        ,0.        ,0.        ,0.        ,
 0.        ,0.        ,0.        ,0.        "
2021-06-25 15:01:14,1408440153190842374,"We're thankful to @WADeptHealth (supported by @UW) for their work in creating &amp; studying an effective &amp;, most importantly, life-saving #Covid tracking app. Rd more by @schubertcm at @geekwire https://t.co/8yhViUIgf5  #biotech #healthcare",twitter.com/anyuser/status/1408440153190842374,Covid,Hootsuite Inc.,1092508854636634112,s2s Public Relations & Communications,s2sPRComms,"Seattle, WA",NONE,Driving growth for impact technologies by igniting greater awareness of their value,https://t.co/MMeyekTAJG,FALSE,141,634,1,2019-02-04 19:43:03,937,None,FALSE,FALSE,448,None,NONE,FALSE,FALSE,None,None,None,None,FALSE,0,0,Unverified,"0.22711101,0.1805881 ,0.17406028,0.05741257,0.        ,0.        ,
 0.        ,0.        ,0.        ,0.        "
2021-06-25 13:26:04,1408416202418921472,"#Manufacturing output in #Singapore saw a huge jump in May, helped by a low base a year ago amid #Covid-19 circuit breaker measures.‚ÄìThe Straits Times  https://t.co/XSRZnosj4L",twitter.com/anyuser/status/1408416202418921472,Manufacturing,Twitter for Android,794041707671134208,Asia Customs & Trade,Asia_Customs,,NONE,Portal on customs and trade developments affecting global trade and customs compliance in Asia.  ACT also conducts conferences on customs & trade regulations.,https://t.co/TX0RcGhCB6,FALSE,454,97,17,2016-11-03 5:01:10,100,None,FALSE,FALSE,6096,None,NONE,FALSE,FALSE,None,None,None,None,FALSE,0,0,Unverified,"0.2455018 ,0.11858347,0.06206167,0.        ,0.        ,0.        ,
 0.        ,0.        ,0.        ,0.        "
2021-06-25 12:43:48,1408405567857737729,"#Covid has helped addressing  bafflement and follow-up ‚Äúwhyyyyyy‚Äù questions easy:    Q: ‚ÄúWHYYYY are they changing [insert some easy and simple established process]?‚Äù    A: ‚Äúwell, covid.‚Äù",twitter.com/anyuser/status/1408405567857737729,Covid,Twitter for iPhone,275605306,Kaveh Afshar üá®üá¶,KavehAfshar,"Ottawa, Ontario",NONE,Public servant who loves big bold ideas but is mostly a #data ü•ú leading #DataScience at #CBSA #CDO üëç/rt ‚â† endors - my views #gcdigital,https://t.co/HTR2b0uiVA,FALSE,325,782,7,2011-04-01 16:30:11,1801,None,TRUE,FALSE,653,None,NONE,FALSE,FALSE,None,None,None,None,FALSE,0,4,Unverified,"0.25783917,0.13036099,0.        ,0.        ,0.        ,0.        ,
 0.        ,0.        ,0.        ,0.        "
2021-06-25 12:30:13,1408402147654336512,"The coronavirus pandemic helped reset the planet, giving the environment a chance to recover from the wear and tear of human activity. #covid #savetheearthüåé #savetreesüå¥ #savetheearth #doyourshare #maldives #AdduCity #climatecrisis #veshisaafu UN Environment Programme https://t.co/dDJRaqJOat",twitter.com/anyuser/status/1408402147654336512,covid,Twitter Web App,1140262724368121856,Veshisaafu ( saving mother earth),veshisaafu,Maldives,NONE,The causes and effects of plastic pollution are truly worldwide.  Taking immediate action against is a must for each and every individual to save earth.,None,FALSE,1644,4193,4,2019-06-16 14:19:53,4280,None,FALSE,FALSE,1733,None,NONE,FALSE,FALSE,None,None,None,None,FALSE,0,0,Unverified,"0.17305819,0.17305819,0.14300689,0.13910246,0.0502417 ,0.        ,
 0.        ,0.        ,0.        ,0.        "
2021-06-25 12:00:27,1408394658494005250,‚åõ It is still time to join Laura Grigori's talk on how urgent computing helped to tackle the #COVID-19 pandemic and which lessons were learned. üìÖ today 14:30 CEST Sign up for free: https://t.co/DJWoIdSvuQ @ISChpc #ISC2021 @Genci_fr @Cineca1969 @gcs_hpc @BSC_CNS,twitter.com/anyuser/status/1408394658494005250,COVID,Sprout Social,334016754,PRACE,PRACE_RI,,NONE,Partnership for Advanced Computing in Europe - PRACE enables high impact scientific discovery and engineering research and development.,http://t.co/c2BqxjHOir,FALSE,4525,423,93,2011-07-12 13:06:20,2928,None,TRUE,FALSE,4001,None,NONE,FALSE,FALSE,None,None,None,None,FALSE,1,1,Unverified,"0.21142987,0.19544518,0.19544518,0.15677787,0.1521345 ,0.10212588,
 0.05344845,0.        ,0.        ,0.        "
2021-06-25 11:30:00,1408386992375746562,"The #DCGurugram (@DC_Gurugram) WhatsApp chatbot has helped solve 5,600 #COVID queries in less than 2 months. This helpline integrates a number of services onto a single helpline platform.  Send a #WhatsApp message to 9643277788 to get started.  (Supported by @WhatsApp) https://t.co/hvvRizoOY3",twitter.com/anyuser/status/1408386992375746562,DCGurugram,Twitter Media Studio,37034483,NDTV,ndtv,India,NONE,Breaking news alerts from India.  Instagram: https://t.co/TDCRCVHlmd YouTube: https://t.co/ocjlisfywV,https://t.co/6yvEvvCmQi,FALSE,15747713,15,13406,2009-05-01 20:34:48,0,None,TRUE,TRUE,824835,None,NONE,FALSE,FALSE,None,None,None,None,FALSE,9,29,Unverified,"0.15741087,0.04569902,0.        ,0.        ,0.        ,0.        ,
 0.        ,0.        ,0.        ,0.        "
2021-06-25 8:38:29,1408343828688478212,#Covid in #Under5s As #Tories neglect our #schoolchildren-heres a reminder of the effect of Covid infection on our #Nursery #Preschool and younger #toddlers and babies. #KawasakiDisease is nasty and isn't helped by antibiotics or painkillers  https://t.co/evcoqDSifa,twitter.com/anyuser/status/1408343828688478212,Covid,Twitter for Android,1366683001619423232,NewFutureHope,WiseGrandma2,"London, England",NONE,"#FBPE #FBPA #FBPR Social Democracy-not plutocracy. #Equality #Justice for women Gardener, Wildlife, Grandmother üëµ  #CancerSurvivor #PRDA Tweets are my opjnion.",None,FALSE,701,2532,0,2021-03-02 9:33:44,9784,None,FALSE,FALSE,13520,None,NONE,FALSE,FALSE,None,None,None,None,FALSE,0,0,Informative,"0.11611268,0.        ,0.        ,0.        ,0.        ,0.        ,
 0.        ,0.        ,0.        ,0.        "
2021-06-25 4:09:56,1408276246375452674,#JustSaying #Food I am not an accomplished #chef I do not claim to be a good #cook As #househusband - I learnt cooking out of necessity - this helped me in #COVID #Lockdown #StayHome when 'Better Half' was #WFH My recipes are not perfect - and - on many occasions - my dishes flop https://t.co/hhC7m3SG1Q,twitter.com/anyuser/status/1408276246375452674,JustSaying,Twitter for Android,1169166601288966145,Commander Vikram W Karve,w_karve,,NONE,A Navy Veteran turned Writer and Blogger.,https://t.co/Ar9zkYS94M,FALSE,8185,3500,20,2019-09-04 8:33:56,59237,None,TRUE,FALSE,55566,None,NONE,FALSE,FALSE,None,None,None,None,TRUE,0,13,Unverified,"0.05455193,0.        ,0.        ,0.        ,0.        ,0.        ,
 0.        ,0.        ,0.        ,0.        "
2021-06-24 14:48:49,1408074639012601860,"Many Seafarers called us today and conveyed thanks to Indian Seafarers Help   We helped them for #Covid #Vaccine , Passport update in certificate / change from Aadhaar to Passport",twitter.com/anyuser/status/1408074639012601860,Covid,Twitter for Android,1219513438143160320,Indian Seafarer's Help,seafarers_help,,NONE,Email : action@seafarershelp.com,None,FALSE,3303,68,2,2020-01-21 6:54:21,375,None,FALSE,FALSE,660,None,NONE,FALSE,FALSE,None,None,None,None,FALSE,13,95,Unverified,"0.20173522,0.18041289,0.10739865,0.06150606,0.        ,0.        ,
 0.        ,0.        ,0.        ,0.        "
2021-06-24 13:54:35,1408060991884075016,What a success! From Oct. to June our 219 Augusta Youth Art Studio hosted 150+ online classes for youth aged 14-29. Julia says'The routine of weekly meetings really helped me through #COVID.' https://t.co/KJCIh9YtBM,twitter.com/anyuser/status/1408060991884075016,COVID,Hootsuite Inc.,336110255,The Neighbourhood Group Community Services (TNG),NeighbourhdGrp,Toronto Ontario Canada,NONE,"In 2020, St. Stephen's Community House joined Central Neighbourhood House & Neighbourhood Link Support Services in TNG: a non-profit helping people in Toronto.",https://t.co/I7EqAV8Li3,FALSE,4407,3123,110,2011-07-15 19:13:35,2197,None,TRUE,FALSE,9025,None,NONE,FALSE,FALSE,None,None,None,None,FALSE,0,6,Unverified,"0.20174043,0.18648829,0.18648829,0.05099901,0.        ,0.        ,
 0.        ,0.        ,0.        ,0.        "
2021-06-24 13:24:05,1408053317494845443,"When @Patriots Hall of Famer Larry Eisenhauer was alive, he &amp; wife Lynn loved going to @AmericanLegion Hall in #Cohasset. After his 2020 death, Lynn donated money to the hall, which had been bequeathed in their will. It helped the post survive #Covid, allowing them to stay open. https://t.co/TEN2lDnNRu",twitter.com/anyuser/status/1408053317494845443,Cohasset,Twitter for iPhone,534392656,Kim Tunnicliffe,KimWBZ,Boston,NONE,"Everyone has a story, my job is to tell it. WBZ Radio reporter, travel/theater/art enthusiast, cat/dog mom. Email tips to kimberlytunnicliffe@iheartmedia.com",None,FALSE,5123,4935,175,2012-03-23 15:07:03,661,None,TRUE,TRUE,7223,None,NONE,FALSE,FALSE,None,None,None,None,FALSE,1,1,Unverified,"0.04406029,0.        ,0.        ,0.        ,0.        ,0.        ,
 0.        ,0.        ,0.        ,0.        "
2021-06-24 13:03:01,1408048015068254210,"The #Gurkhas absolutely crushed it this Christmas! üí™   Helping out during an incredibly challenging time, they helped tackle mass #COVID testing of lorry drivers stranded in the UK! üò∑   https://t.co/dGBLRSPVR2",twitter.com/anyuser/status/1408048015068254210,Gurkhas,Sprout Social,28893696,BFBS Radio,BFBSRadioHQ,Worldwide,NONE,Entertaining üéµ Informing üí¨ Connecting ü§ù Championing ‚úä Wherever you are üåè,https://t.co/3Rpm4SCCZJ,FALSE,31486,2426,325,2009-04-04 23:26:36,14333,None,TRUE,FALSE,32362,None,NONE,FALSE,FALSE,None,None,None,None,FALSE,1,10,Unverified,"0.21419748,0.19155796,0.06530562,0.        ,0.        ,0.        ,
 0.        ,0.        ,0.        ,0.        "
2021-06-24 7:15:00,1407960431889616898,Kerala: Communist goons butcher 25 pet-pigeons of an 11yo boy in Kerala coz his family had cooperated with Sewa Bharati.  His family helped Sewa Bharati to provide food to #Covid patients in the Maruthorvattam region in Cherthala.  Imagine media outrage if he was a Muslim. https://t.co/VIPDEdEJgL,twitter.com/anyuser/status/1407960431889616898,Covid,Twitter Web App,81582883,Arun üáÆüá≥,arunpudur,Bharat üáÆüá≥,NONE,"#FreeHinduTemples Movement, Bursting Hindu Hate propaganda, Dharma, Entrepreneurship, and Politics. RT & Likes ‚â† Endorsement.",https://t.co/NeesjVeMQJ,FALSE,72400,203,159,2009-10-11 12:22:13,1996,None,TRUE,TRUE,19421,None,NONE,FALSE,FALSE,None,None,None,None,FALSE,86,157,Unverified,"0.15536413,0.12462654,0.04248747,0.        ,0.        ,0.        ,
 0.        ,0.        ,0.        ,0.        "
2021-06-23 19:52:11,1407788595629367298,".@OnReality_Check | 'UP government is hiding #Covid death figures; around 100 people died and no one from BJP helped, this government only cares about their seats': Akhilesh Yadav (@yadavakhilesh), National President of Samajwadi Party.  https://t.co/CH0BdC2Hyh",twitter.com/anyuser/status/1407788595629367298,Covid,TweetDeck,249643872,NDTV Videos,ndtvvideos,,NONE,Videos from NDTV Newsroom,http://t.co/BD4KxuaSBv,FALSE,309743,10,334,2011-02-09 13:46:18,11,None,FALSE,TRUE,164790,None,NONE,FALSE,FALSE,None,None,None,None,FALSE,2,13,Unverified,"0.12693997,0.05714364,0.        ,0.        ,0.        ,0.        ,
 0.        ,0.        ,0.        ,0.        "
2021-06-18 18:19:21,1405953296309833729,#ENGSCO #Indianvariant through the roof... Time for EU to shut all links to #UK regardless of vaccines...  DO NOT ALLOW YOUR COUNTRY TO GO BACK TO LOCKDOWN DUE TO THESE IDIOTS NO FLIGHTS FROM UK  NO SEA FROM UK  #Covid_19 #COVID #EU @MichealMartinTD @LeoVaradkar @MaryLouMcDonald https://t.co/ZTNFOpAvqF,twitter.com/anyuser/status/1405953296309833729,ENGSCO,Twitter Web App,1248046502821445632,Dr J #FBPE üåäüíôüíØüè¥Û†ÅßÛ†Å¢Û†Å≥Û†Å£Û†Å¥Û†ÅøüáØüá¥üá∫üá∏üáÆüá™üá™üá∫,DrJoeMcCarthy,Earth. 3rd Planet from Sun.,NONE,Human. Free Thinker. Met Mandela. Personal. Family. Community. Funded Successful Drug to prevent Latent TB. Many Patents.,None,FALSE,4178,4871,4,2020-04-09 0:34:23,27598,None,FALSE,FALSE,45106,None,NONE,FALSE,FALSE,None,None,None,None,FALSE,2,2,Informative,"0.20340279,0.20340279,0.18802497,0.16865122,0.15082569,0.12007007,
 0.05141924,0.        ,0.        ,0.        "
2021-06-25 11:12:31,1408382592236261381,‚Äú One antioxidant drug which has been tested for its ability to protect against radiation induced reactive oxygen species is Tempol. Tempol preserved lung architectures and decreased multiple inflammatory cytokines‚Äù in #COVID ARDS.  $ADMP    https://t.co/fhQqulS296 https://t.co/ELfAFulp0T,twitter.com/anyuser/status/1408382592236261381,COVID,Twitter Web App,1328100486449393665,TF 2,TonyFauci2,"Beaver Creek, Co. ",NONE,"HGEN will be Lifesaving in COVID Pneumonia  , ALT will allow us to remove our masks, MGTX will deliver Riboswitch-impacts all disease, & $IPIX could be Biggest.",None,FALSE,290,32,4,2020-11-15 22:20:15,1013,None,FALSE,FALSE,4040,None,NONE,FALSE,FALSE,None,None,None,None,FALSE,1,2,Unverified,"0.17669969,0.16135787,0.05129889,0.        ,0.        ,0.        ,
 0.        ,0.        ,0.        ,0.        "
2021-06-25 10:55:56,1408378422120886272,CDC links Pfizer Covid vaccine to heart inflammation - latest update and symptoms to spot  https://t.co/nGvloF4VzT  #COVID #CovidVaccine #Pfizer #Covid19UK #Covid19 #Covid_19 #UK #eu,twitter.com/anyuser/status/1408378422120886272,COVID,Twitter for iPhone,2418922083,Villain üí´üè¥Û†ÅßÛ†Å¢Û†Å•Û†ÅÆÛ†ÅßÛ†Åøüá¨üáßüá¶üá∫üá®üá¶üá≥üáøüá∫üá∏,Villain1982,Villain Park üè¥Û†ÅßÛ†Å¢Û†Å•Û†ÅÆÛ†ÅßÛ†Åø,NONE,Aston Villa F.C - U.K. Exit From EU - 2021 ü•Ç,None,FALSE,268,240,7,2014-03-18 1:39:59,43614,None,FALSE,FALSE,28436,None,NONE,FALSE,FALSE,None,None,None,None,FALSE,1,1,Informative,"0.47873078,0.22792783,0.21858267,0.18751426,0.1389836 ,0.12134293,
 0.        ,0.        ,0.        ,0.        "
2021-06-23 17:02:16,1407745836612784141,"Researchers have used #artificial #intelligence to investigate network-based relationships between #COVID-19 and #Alzheimer‚Äôs disease, in the hope of informing therapeutic #treatments for both illnesses. https://t.co/Cv9uBDnqdL",twitter.com/anyuser/status/1407745836612784141,artificial,HubSpot,1088772542993743872,D4 Pharma,D4Pharma,London,NONE,A community of pharma and tech professionals using data-driven approaches to improve drug R&D. The mission of D4 is to create meaningful change for patients.,https://t.co/JJjizzZGi5,FALSE,702,1557,2,2019-01-25 12:16:17,107,None,FALSE,FALSE,395,None,NONE,FALSE,FALSE,None,None,None,None,FALSE,0,1,Unverified,"0.23688867,0.23688867,0.22314247,0.21248009,0.12378133,0.06478201,
 0.        ,0.        ,0.        ,0.        "
2021-06-23 15:27:30,1407721985317220355,#Fraud #Modi #Kumbh #Covid #CovidIndia #COVIDEmergency2021   A Firm With Links to the #BJP Is at the Heart of the Kumbh #COVIDTesting Scam https://t.co/NGVHOUWzbe  @LaylaMoran @Zafarkhanjklf @JklfUk,twitter.com/anyuser/status/1407721985317220355,Fraud,Twitter Web App,3370733723,Faiz,FAIZ1961,London,NONE,All views are my private views. Share of tweets in not endorsement of the tweets.,None,FALSE,936,2363,7,2015-07-11 13:04:18,8366,None,TRUE,FALSE,16976,None,NONE,FALSE,FALSE,None,None,None,None,FALSE,1,2,Unverified,"0.06378568,0.        ,0.        ,0.        ,0.        ,0.        ,
 0.        ,0.        ,0.        ,0.        "
2021-06-23 15:20:10,1407720140922294277,"Max Corporate Services, the company accused of conducting nearly one lakh fake #COVID tests during the recent Kumbh Mela in Haridwar, has links with the ruling BJP that might have played a role in its selection despite failing to make the grade earlier.'  https://t.co/NlGuLmrxKa",twitter.com/anyuser/status/1407720140922294277,COVID,Twitter Web App,400046267,carin jodha fischer,carin__fischer,"Washington, DC",NONE,My heart is buried in wounded Kashmir...   German/ American who lived in IOK for ten years until exiled by Hindu Extremist regime in 2016. Nemesis: Ajit Doval,https://t.co/LNzKWIxvMA,FALSE,26843,2173,30,2011-10-28 12:35:22,71798,None,TRUE,FALSE,53715,None,NONE,FALSE,FALSE,None,None,None,None,FALSE,11,12,Informative,"0.19209235,0.19209235,0.16523513,0.05253155,0.        ,0.        ,
 0.        ,0.        ,0.        ,0.        "
2021-06-23 6:39:54,1407589212887658496,Scam alert for Digital COVID Passports‚Ä¶.. be alert to any unexpected emails with links to follow. Report any suspected phishing emails to report@phishing.gov.uk #COVID #cybersecurity #phishing #infosec #cybercrime #security https://t.co/eUYDziAYV7,twitter.com/anyuser/status/1407589212887658496,COVID,Twitter for iPhone,1331274328479068163,Cerberus Consultancy,ConsultCerberus,,NONE,"Security, Risk & Investigations Consultancy",https://t.co/SBa2aN6rwX,FALSE,7,101,0,2020-11-24 16:32:07,1,None,FALSE,FALSE,7,None,NONE,FALSE,FALSE,None,None,None,None,FALSE,1,3,Unverified,"0.17733392,0.08965832,0.        ,0.        ,0.        ,0.        ,
 0.        ,0.        ,0.        ,0.        "
2021-06-21 15:24:40,1406996496894119942,"Tonix announces a program to develop its lead candidate, TNX-102 SL, for the treatment of Long #COVID Syndrome, a condition of neurological symptoms that afflicts more than 30% of patients post-infection w/ #SARSCoV2. $TNXP plans to meet w/ FDA in 3Q'21. https://t.co/gdijALjWvF",twitter.com/anyuser/status/1406996496894119942,COVID,Twitter Web App,374071770,Tonix Pharmaceuticals,TonixPharma,New York,NONE,"Developing novel therapies for CNS (pain, psychiatry, addiction) and immunological (vaccines, immunosuppression, oncology, autoimmunity) conditions $TNXP",http://t.co/TNuMRZbkO7,FALSE,6632,1128,46,2011-09-15 17:17:03,41,None,FALSE,FALSE,763,None,NONE,FALSE,FALSE,None,None,None,None,FALSE,9,44,Unverified,"0.16654564,0.13701567,0.05077728,0.        ,0.        ,0.        ,
 0.        ,0.        ,0.        ,0.        "
2021-06-25 23:02:55,1408561373496451083,People that have been vaccinated have a 3.25 higher chance of dying from #COVID than unvaccinated according to #England #uk gov. @MattHancock @talkRADIO @JuliaHB1 @NickFerrariLBC  https://t.co/hiwBcPLPKF,twitter.com/anyuser/status/1408561373496451083,COVID,Twitter Web App,1375839274055127041,Keith Locke,ToxicMisogynist,,NONE,Man (Male Human) whom considers the use of the term 'cis' a microaggression.,None,FALSE,1,2,0,2021-03-27 15:57:13,75,None,FALSE,FALSE,130,None,NONE,FALSE,FALSE,None,None,None,None,FALSE,0,0,Misinformative,"0.2610639 ,0.24591486,0.16972159,0.15859427,0.07139322,0.        ,
 0.        ,0.        ,0.        ,0.        "
2021-06-25 22:46:53,1408557336852004871,There is growing scepticism about the outcome of #Phuket‚Äôs reopening after it emerged that already fully vaccinated travellers on a two week holiday to the island will be subject to no less than five #Covid-19 tests at their own expense... https://t.co/wvjZmx0jHG,twitter.com/anyuser/status/1408557336852004871,Phuket,Twitter Web App,2605169240,Asia-News-De,base_thai,,NONE,"The latest news from South-East Asia, with a special focus on Thailand",None,FALSE,6783,6041,194,2014-07-05 9:30:17,31443,None,FALSE,FALSE,90295,None,NONE,FALSE,FALSE,None,None,None,None,FALSE,4,2,Unverified,"0.25781527,0.21376727,0.2050027 ,0.15493785,0.12453118,0.06517445,
 0.        ,0.        ,0.        ,0.        "
2021-06-25 22:31:08,1408553373687681025,Previously released Cleveland Clinic study.  #covid resistance from prior infection is strong (no matter what that idiot fauci and the clowns at the @CDCgov say).  Resistance also strong with the vaccinated sample but still Rex vaccine for all:  https://t.co/zAsBmRQHsl,twitter.com/anyuser/status/1408553373687681025,covid,Twitter for iPhone,2244571212,James Zadvorny,jameszad,"Denver, CO",NONE,Them/They/He/Him/It/Her/She/Sir/Sire/Hisorherexcellency/etc/etc/whateveryoulikeIdon‚Äôtcare,None,FALSE,243,615,1,2013-12-13 22:07:40,5497,None,TRUE,FALSE,11429,None,NONE,FALSE,FALSE,None,None,"Place(_api=<tweepy.api.API object at 0x0000020BA830A580>, id='ccc924a14c815259', url='https://api.twitter.com/1.1/geo/id/ccc924a14c815259.json', place_type='city', name='Castlewood', full_name='Castlewood, CO', country_code='US', country='United States', contained_within=[], bounding_box=BoundingBox(_api=<tweepy.api.API object at 0x0000020BA830A580>, type='Polygon', coordinates=[[[-104.923061, 39.565845], [-104.872133, 39.565845], [-104.872133, 39.609617], [-104.923061, 39.609617]]]), attributes={})",None,FALSE,0,0,Informative,"0.41865073,0.20932537,0.12579714,0.09239991,0.05291644,0.        ,
 0.        ,0.        ,0.        ,0.        "
2021-06-25 22:25:32,1408551963596230658,WHO urges fully vaccinated people to continue to wear masksüò∑üò∑ as delta #Covid variant spreads https://t.co/2DXVwuqyLx,twitter.com/anyuser/status/1408551963596230658,Covid,Twitter Web App,48750107,Leah Sophia & Roxy Kitteh ‚òÄÔ∏è around townüèôÔ∏è,suntreeriver,Los Angelesüåû  California ‚õ±usa,NONE,living #baptizedüí¶ imagining the #NewCreationüå±üåª #BidenHarris üíôüíô Roxy: #HamClub #TorbieTroopüêæüêæ  https://t.co/MHWdzVJPgPüåµüíê,https://t.co/i71V7DfJOm,FALSE,1662,2216,66,2009-06-19 16:26:10,40238,None,FALSE,FALSE,35293,None,NONE,FALSE,FALSE,None,None,None,None,FALSE,0,1,Informative,"0.34911538,0.30399439,0.28946867,0.20980599,0.19605065,0.08825468,
 0.        ,0.        ,0.        ,0.        "
2021-06-24 17:56:36,1408121895027830786,"There are other side effects  following #COVID-19 vaccines are #fatigue, a #fever, #headaches, body aches, chills, #nausea, #diarrhea, and pain at the site of injection, according to the World Health OrganizationTrusted Source. https://t.co/amz1Py2lDg",twitter.com/anyuser/status/1408121895027830786,COVID,Twitter Web App,110838368,Adino Adonai,Adinoadonai,los angeles,NONE,"artist, musician,counselor, humanitarian, philosopher, priest (not Joel Osteen)
 A servant of humanity!",https://t.co/7VEEuqfE4K,FALSE,382,141,23,2010-02-02 23:14:01,480,None,TRUE,FALSE,42171,None,NONE,FALSE,FALSE,None,None,None,None,TRUE,0,0,Informative,"0.20787825,0.1881133 ,0.15432489,0.12627797,0.06608865,0.        ,
 0.        ,0.        ,0.        ,0.        "
2021-06-24 13:34:07,1408055839248637964,#MonsoonMaladies in times of #COVID  Common #symptoms for malaria and dengue is fever and fatigue. -Dr. Farhad Kapadia  LIVE ON YouTube: https://t.co/GjML3j7mk1   #monsoon #malaria #dengue,twitter.com/anyuser/status/1408055839248637964,MonsoonMaladies,Twitter Web App,2348159346,TogetherVCAN,Together_VCAN,Mumbai,NONE,We are a Portal that provides citizens of Mumbai with the tools & knowledge to solve common civic & community problems themselves. I Can You Can & Together VCAN,None,FALSE,1273,524,10,2014-02-17 8:43:42,851,None,TRUE,FALSE,4674,None,NONE,FALSE,FALSE,None,None,None,None,FALSE,0,1,Unverified,"0.15549251,0.05762471,0.        ,0.        ,0.        ,0.        ,
 0.        ,0.        ,0.        ,0.        "
2021-06-24 10:46:49,1408013736368082945,"Seeing same across #LondonUK schools. Symptoms seem mild, but then testing positive. Possible it‚Äôs milder symptoms for people who‚Äôve had #covid before. For those who haven‚Äôt, it‚Äôs the classic #covid19 symptoms of high fever, fatigue, chest pain, difficulty breathing. https://t.co/AU52YIQYpp",twitter.com/anyuser/status/1408013736368082945,LondonUK,Twitter for iPhone,110716366,gs2010,gs2010chat,,NONE,,None,FALSE,22,222,1,2010-02-02 14:41:22,952,None,FALSE,FALSE,1085,None,NONE,FALSE,FALSE,None,None,None,None,TRUE,0,0,Informative,"0.44810805,0.19067271,0.18156183,0.18156183,0.12296776,0.05535549,
 0.        ,0.        ,0.        ,0.        "
2021-06-24 10:26:58,1408008741803507713,Wife got her second #COVID shot. Symptoms include a slight fever and the need to have a nap right when the dog decides to mash his poop into his backside when there's a sink full of dirty dishes and the gloves have a hole in the finger and I didn't see the second pair because... https://t.co/MJxWTu2omL,twitter.com/anyuser/status/1408008741803507713,COVID,Twitter Web App,95105390,James Harbinson,storymon,Ottawa,NONE,"Screenwriter: If procrastination was an art form, I'd win an award from a former Soviet bloc country that wouldn't be impressive when you looked at it closely.",None,FALSE,273,244,14,2009-12-07 0:58:25,42,None,TRUE,FALSE,175,None,NONE,FALSE,FALSE,None,None,None,None,FALSE,0,1,Unverified,"0.15708746,0.13981364,0.0518142 ,0.        ,0.        ,0.        ,
 0.        ,0.        ,0.        ,0.        "
2021-06-24 5:30:09,1407934047943286788,"The initial #COVID-19 symptoms like sore throat and fever may be similar to that of a normal #flu or cold. If you  experience these symptoms, stay at home and be sure to consult your doctor if they persist. #KomeshaKorona https://t.co/UJHNVYntBA",twitter.com/anyuser/status/1407934047943286788,COVID,Hootsuite Inc.,2164614444,Practical Action in East Africa,PA_EastAfrica,"Nairobi, Kenya",NONE,We are an international development organisation putting ingenious ideas to work so people in poverty can change their world,https://t.co/lvUCvcCCnH,FALSE,4178,919,26,2013-10-30 11:32:33,19071,None,TRUE,FALSE,2286,None,NONE,FALSE,FALSE,None,None,None,None,FALSE,0,0,Informative,"0.32720187,0.22170469,0.22170469,0.11584725,0.06062964,0.        ,
 0.        ,0.        ,0.        ,0.        "
2021-06-23 11:47:35,1407666640817471491,"Covid 19 symptoms - Common signs of infection include respiratory symptoms, fever, cough, shortness of breath and breathing difficulties. Stay Safe wear a mask  #washhands #covid #staysafe #stayhome #coronavirus #socialdistancing #washyourhands #corona #quarantine #stayhealthy... https://t.co/P8n1yDWK1E",twitter.com/anyuser/status/1407666640817471491,washhands,Socialit.io,1358266121581858819,Aditya Hospital,adityahospital_,Adilabad,NONE,Take the best care under highly experienced and skilled doctors. Our fully stocked hospital has a bustling and friendly staff as well as a laboratory with advan,https://t.co/L9KnPI98Vs,FALSE,0,1,0,2021-02-07 4:07:39,0,None,FALSE,FALSE,37,None,NONE,FALSE,FALSE,None,None,None,None,FALSE,0,0,Informative,"0.28170534,0.20648835,0.17980101,0.17120961,0.14452227,0.10439851,
 0.099739  ,0.        ,0.        ,0.        "
2021-06-23 20:56:20,1407804740130394114,"Organizing committee officials are also worried about this situation.  'When a situation occurs in the Olympic Village where people get excited by drinking alcohol and have physical relationships, clusters occur. #Tokyo2020 #Êù±‰∫¨‰∫îËº™„ÅÆ‰∏≠Ê≠¢„ÇíÊ±Ç„ÇÅ„Åæ„Åô #Covid https://t.co/dGF7pVnjZR",twitter.com/anyuser/status/1407804740130394114,Tokyo2020,Twitter for Android,972021252,JackBauer,jackbaur24x,,NONE,,None,FALSE,278,3646,3,2012-11-26 14:07:55,6239,None,FALSE,FALSE,22678,None,NONE,FALSE,FALSE,None,None,None,None,FALSE,0,0,Unverified,"0.12387377,0.05576335,0.        ,0.        ,0.        ,0.        ,
 0.        ,0.        ,0.        ,0.        "
2021-06-23 20:29:53,1407798085754015744,"Although many COVID-19 pandemic restrictions are lifting, international travelers are still required to get tested for travel - that‚Äôs where Travel Testing with Acutis Reveal can help. Visit https://t.co/uLnud5Kc5m for more information.   #covid #covidtesting #travelrestrictions https://t.co/i8IgKh95Ky",twitter.com/anyuser/status/1407798085754015744,covid,Twitter Web App,1319658653432033281,Acutis Diagnostics,AcutisLab,"400 Karin Lane, Hicksville, NY",NONE,Rapid and reliable diagnostic insights that impact clinical decisions in infectious disease and clinical toxicology for the medical community and related fields,https://t.co/JlnQofkoDH,FALSE,18,164,0,2020-10-23 15:15:54,57,None,FALSE,FALSE,308,None,NONE,FALSE,FALSE,None,None,None,None,FALSE,0,0,Unverified,"0.406155  ,0.21558764,0.2030775 ,0.19337388,0.1729353 ,0.16781339,
 0.11791363,0.11265091,0.        ,0.        "
2021-06-23 2:22:44,1407524493325574144,"The thing is, state premiers (and prime ministers) and medical experts do not always get it right.  So please, if there are any active #Covid cases in your state, stay home where possible, #WearAMask and definitely do not travel interstate. #COVID19Vic #COVID19nsw",twitter.com/anyuser/status/1407524493325574144,Covid,Twitter for Android,918741153301671938,Austin P. Sheehan,AustinPSheehan,"Melbourne, Victoria",NONE,"Speculative Fiction writer, reader, and blogger.  Parent to two rescued greyhounds.  He/Them.",https://t.co/GgAW1ry8Xm,FALSE,6329,5770,68,2017-10-13 7:32:15,25199,None,TRUE,FALSE,11496,None,NONE,FALSE,FALSE,None,None,None,None,FALSE,0,6,Informative,"0.23629222,0.20575292,0.20575292,0.14751781,0.05973353,0.        ,
 0.        ,0.        ,0.        ,0.        "
2021-06-22 18:11:38,1407400902357442565,Study on the electromagnetism of people vaccinated in Luxembourg Scientists in Luxembourg recently decided to test COVID-vaccine social-media vaccine magnetism reports. 29/30 magnetized @GramPepe1  https://t.co/yjKrWH0kjn,twitter.com/anyuser/status/1407400902357442565,,Twitter Web App,832957875290984449,QuodExperrectus,HoneeDesigner,,NONE,Fashion/Industrial Designer,None,FALSE,2973,862,12,2017-02-18 14:20:07,59723,None,FALSE,FALSE,42805,None,NONE,FALSE,FALSE,None,None,None,None,FALSE,2,0,Misinformative,"0.21456176,0.20491482,0.18456299,0.17211238,0.13948984,0.13034458,
 0.05867626,0.        ,0.        ,0.        "
2021-06-22 3:36:52,1407180760507994112,Covid-19 vaccines are causing an alarming rise in infertility and prostate cancer https://t.co/wESarGYx3G,twitter.com/anyuser/status/1407180760507994112,,Twitter for iPhone,1245554189041725441,Bogdan,Bogdan36696486,,NONE,,None,FALSE,1,14,0,2020-04-02 3:30:49,108,None,FALSE,FALSE,34,None,NONE,FALSE,FALSE,None,None,None,None,FALSE,0,1,Misinformative,"0.36708088,0.36708088,0.21669037,0.17730919,0.09279627,0.        ,
 0.        ,0.        ,0.        ,0.        "
2021-06-20 16:25:11,1406649341062885376,"I give it a couple of years, and then they will announce a 'mysterious and unkown' side effect (they totally planned, BTW) of the Covid vaccine will be less fertility, or infertility. The goal is to control world population. Watch and see.",twitter.com/anyuser/status/1406649341062885376,,Twitter for Android,1006205257322520578,Tyler Donovan ü•Å,Tyler_Donovan_1,"South Carolina, USA",NONE,"XRP baby! Ripple has a dream-team and my boat is coming into port soon!!! Born in Pennsylvania, USA moved to Myrtle Beach, SC, USA. Beach life.  :-)",None,FALSE,866,504,1,2018-06-11 16:03:22,14665,None,TRUE,FALSE,4984,None,NONE,FALSE,FALSE,None,None,None,None,FALSE,0,5,Misinformative,"0.24264998,0.20872408,0.11587008,0.06635756,0.        ,0.        ,
 0.        ,0.        ,0.        ,0.        "
2021-06-22 12:00:02,1407307387485229056,"The leader of a church has claimed that he had supplied industrial bleach to Donald Trump, before he talked about how drinking bleach might be a solution to the deadly coronavirus  https://t.co/bzNRtaUFMz",twitter.com/anyuser/status/1407307387485229056,,TweetDeck,711760467383877632,WION,WIONews,India,NONE,#WION: World Is One | Welcome to India‚Äôs first global news network. We present global stories with an Indian perspective. | https://t.co/V3tpBavoXE,https://t.co/mmzWsrtj7H,FALSE,346086,94,1262,2016-03-21 3:44:54,7474,None,TRUE,TRUE,180412,None,NONE,FALSE,FALSE,None,None,None,None,FALSE,2,18,Misinformative,"0.17405875,0.        ,0.        ,0.        ,0.        ,0.        ,
 0.        ,0.        ,0.        ,0.        "
2020-09-22 14:09:44,1308408140103327744,Masks are not safe!  They decrease your Oxygen intake and increases your toxin inhalation.  Join the movement!  Say NO to Masks! üö´  #NoMask #antimask #MasksOff  #antimaskmovement #NoMasks,twitter.com/anyuser/status/1308408140103327744,NoMask,Twitter for Android,1308397090633121804,Anti-Masks Movement #NoMasks #Antimasks,AntiMaskMove,,NONE,Masks are not safe  ‚ò¢Ô∏è  Say NO to Masks! üö´  üëâüèºhttps://t.co/9KLuDgbYV7,None,FALSE,62,26,0,2020-09-22 13:26:01,450,None,FALSE,FALSE,32,None,NONE,FALSE,FALSE,None,None,None,None,FALSE,1,5,Misinformative,"0.,0.,0.,0.,0.,0.,0.,0.,0.,0."
2020-12-08 15:42:50,1336335435342127108,"No, I wont need it. üòâüòâ I already have had COVID üòâüòâ so I have natural antibodies. üòâüòâ Dont need your Gates Vaccine... https://t.co/zjmENi80nA https://t.co/eWRsPN3WZY",twitter.com/anyuser/status/1336335435342127108,,Twitter for Android,637138985,Brian Goodlife üá∫üá≤ pronouns .45acp/9mm,BrianGoodlife,"Orange County, CA",NONE,"#CommieResisterüõ° | California native | Constitutional Originalist | God, Country, Family - 'I don't usually wear cologne but when I do I wear Hoppes #9'",None,FALSE,3471,3700,1,2012-07-16 17:34:03,92981,None,FALSE,FALSE,73113,None,NONE,FALSE,FALSE,None,None,None,None,TRUE,0,0,Misinformative,"0.49387634,0.28055842,0.14222515,0.08145083,0.        ,0.        ,
 0.        ,0.        ,0.        ,0.        "
2020-11-14 0:09:15,1327403184340418560,"@JamesTodaroMD @TechBalt I'll pass on the bullshit covid vaccine!  I'd rather go drink some coconuts, eat some jack fruit, and run on the beach and hit the sauna if I catch a flu...  Government already has my DNA samples... I don't need them injecting tracking devices in me under pretense of a vaccine!",twitter.com/anyuser/status/1327403184340418560,,Twitter Web App,215493429,Tai Zen,HeyTaiZen,"Dallas, HCMC, Da Nang, Bangkok",NONE,"Trader, Entrepreneur & CEO at https://t.co/aUFOoSdbHm & Co-Creator of the TaiFu‚Ñ¢ 30 Cryptocurrency Market Index at https://t.co/I81ZIuaX6M",https://t.co/0HluXrRptY,FALSE,28400,103,485,2010-11-14 2:55:18,8507,None,FALSE,FALSE,14177,None,NONE,FALSE,FALSE,None,None,None,None,FALSE,0,6,Misinformative,"0.20658485,0.19096646,0.1823804 ,0.15832882,0.05222365,0.        ,
 0.        ,0.        ,0.        ,0.        "
2021-04-11 10:53:07,1381198621224304642,Corona is a fake virus  Covid is a fake #TikaUtsav https://t.co/sOLSCTVZXn,twitter.com/anyuser/status/1381198621224304642,TikaUtsav,Twitter for Android,1365903510030610433,Harninder,Harninder19,,NONE,,None,FALSE,8,8,0,2021-02-28 5:56:31,2690,None,FALSE,FALSE,314,None,NONE,FALSE,FALSE,None,None,None,None,FALSE,1,1,Misinformative,"0.32082095,0.11271199,0.        ,0.        ,0.        ,0.        ,
 0.        "
2021-04-23 14:13:03,1385597592348741637,"Masks: Don't stop a virus.  America STOP wearing STUPID DEMOCRAT MASKS.  This is all a fraud designed to control the masses.  Don't take the Vaccine as Covid is nothing but a Flu type virus, less harmful than the flu.  This is a fact! https://t.co/Y6Qx8euBaY",twitter.com/anyuser/status/1385597592348741637,,Twitter Web App,3932314393,Montana News,MontananewsNews,,NONE,,https://t.co/6rqzk5YaEQ,FALSE,12723,13033,10,2015-10-18 4:41:53,8152,None,FALSE,FALSE,13479,None,NONE,FALSE,FALSE,None,None,None,None,TRUE,2,2,Misinformative,"0.34015485,0.2951926 ,0.18961501,0.18961501,0.09054485,0.05185407,
 0.        ,0.        ,0.        ,0.        "
2020-10-11 1:52:39,1315108015217885184,@RampCapitalLLC 'covid vaccine causes autism',twitter.com/anyuser/status/1315108015217885184,,Twitter Web App,92378676,kevin,thekevincurtin,"Los Angeles, CA",NONE,"music, esports, tech, memes ‚Ä¢ @AmazonMusic SDE ‚Ä¢ aka akubar ‚Ä¢ former @SeaUnderground resident ‚Ä¢ ideas exprssed are not my own",https://t.co/1UiYnuIIPt,FALSE,240,996,3,2009-11-24 22:09:58,21582,None,FALSE,FALSE,6578,None,NONE,FALSE,FALSE,None,None,None,None,FALSE,0,1,Misinformative,"0.25017369,0.1432718 ,0.        ,0.        ,0.        "
2021-06-21 19:56:53,1407065004591964164,"Deeply shy and nocturnal mammals, pangolins are hunted primarily for their scales, which are used for medicinal purposes despite no evidence of health benefits. Its meat is also sometimes sold as an exotic  delicacy.  Some blame it for transmitting Covid https://t.co/DN22JsizzD",twitter.com/anyuser/status/1407065004591964164,,Twitter Web App,1133463477656457216,üåê Orb Planet üåä Resister üî• #ClimateChange,OrbPlanet,Planet A,NONE,#ClimateCrisis üî• #Science üß¨ #Environment üå≤üêæ Electrical Eng  #StopLine3 #ClimateAction #USNvetüê¨üêä #EndFilibuster  #Vaxxed  #BLM #Equality #HR1 #BidenHarris,None,FALSE,65736,60069,66,2019-05-28 20:02:06,10415,None,FALSE,FALSE,14280,None,NONE,FALSE,FALSE,None,None,None,None,FALSE,0,4,Misinformative,"0.21723636,0.18012131,0.15631257,0.0549163 ,0.        ,0.        ,
 0.        ,0.        ,0.        ,0.        "
2021-06-27 16:10:16,1409182299174866947,Still waiting for proof covid exists. Hint cold and flu and no symptoms at all do not count. Nor does a fake test that does not diagnose illness.,twitter.com/anyuser/status/1409182299174866947,,Twitter Web App,1368035666114846723,MiOWNopinions - RE-FOLLOW,MiNopinions,,NONE,freedomüá®üá¶,None,FALSE,1507,953,2,2021-03-06 3:08:33,4303,None,FALSE,FALSE,4316,None,NONE,FALSE,FALSE,None,None,None,None,FALSE,0,5,Misinformative,"0.22267664,0.19102634,0.07079336,0.        ,0.        ,0.        ,
 0.        ,0.        ,0.        ,0.        "
2021-06-26 12:15:39,1408760870943985665,"People in most vaccinated country Israel are getting sick with flu like symptoms,and it is unusual for this time of year!!! Anybody got a hint? Doctors were right :'this  is NOT a VACCINE, it is a PATHOGEN'üëø #ŸÖÿßÿ±ÿßÿ™ŸàŸÜ_ÿ®ŸÅÿßŸäÿ≤ÿ± #noVaccine #novaccinepassports https://t.co/TTOJQ7BFHP",twitter.com/anyuser/status/1408760870943985665,ŸÖÿßÿ±ÿßÿ™ŸàŸÜ_ÿ®ŸÅÿßŸäÿ≤ÿ±,Twitter for Android,1206787412912939013,Nathalie_Büåû,NathaliebTemp,"lebanon, in my garden     üå≥üå≤",NONE,Pas de comptes √† rendre √† personne,None,FALSE,255,344,1,2019-12-17 4:06:30,22931,None,FALSE,FALSE,7090,None,NONE,FALSE,FALSE,None,None,None,None,FALSE,1,5,Misinformative,"0.24312125,0.20158374,0.18027743,0.18027743,0.16584121,0.14610727,
 0.13652815,0.10731801,0.        ,0.        "
2020-12-17 19:55:27,1339660498636333056,Covid-19 is Fake - everybody who know or believe it please like! #COVID19 #covidfake #covidfraud #covid #Trump2020 https://t.co/MCMjwVWYKe,twitter.com/anyuser/status/1339660498636333056,COVID19,Twitter Web App,800747937827459074,Elena Mooza,elenamooza69,Czech Republic,NONE,"Model, Porn Actress",None,FALSE,20,191,1,2016-11-21 17:09:20,14,None,FALSE,FALSE,71,None,NONE,FALSE,FALSE,None,None,None,None,FALSE,0,1,Misinformative,"0.24896428,0.18902555,0.18058896,0.        ,0.        ,0.        ,
 0.        ,0.        ,0.        ,0.        "
2021-04-07 13:28:12,1379788099534852097,COVID19 is FAKE.  #CovidFake #CovidFake #CovidFake #CovidFake #CovidFake #CovidFake #CovidFake #CovidFake #CovidFake #CovidFake #CovidFake #CovidFake #CovidFake #CovidFake #CovidFake #CovidFake  #CovidFake #CovidFake #CovidFake #CovidFake FAKE. FAKE. FAKE. FAKE. FAKE. FAKE. FAKE. https://t.co/d6iuzTnkXW,twitter.com/anyuser/status/1379788099534852097,CovidFake,Twitter Web App,1338123549744226304,Nat,nvrlos4words,Everywhere,NONE,The fly in someone's ointment but stay calm. I'm smiling when I post,https://t.co/Vgt3AsVIH3,FALSE,57,84,0,2020-12-13 14:08:25,1258,None,FALSE,FALSE,2386,None,NONE,FALSE,FALSE,None,None,None,None,FALSE,0,0,Misinformative,"0.,0.,0.,0.,0."
2021-06-28 14:00:20,1409511990016479245,They'll flex this to promote just how dangerous this phantom virus is to justify more measures.   #covid #virus #fakevirus #hoaxdemic #plandemic #scamdemic #DeltaPlusVariant #ThirdWave #DeltaVariant #COVIDIOTS #NoVaccinePassports https://t.co/g8a04BJzmz,twitter.com/anyuser/status/1409511990016479245,covid,Twitter for Android,1307338807776292864,Kris ‚ìã,Apollo_Seed18,,NONE,üôãüèø‚Äç‚ôÇÔ∏è I hold the same qualifications as Bill Gates on health & medicine therefore I'm worthy to listen to üöë ü§ì Sub to my Telegram ‚¨áÔ∏è,https://t.co/pIn5A5uW2l,FALSE,36,44,0,2020-09-19 15:20:46,953,None,TRUE,FALSE,1116,None,NONE,FALSE,FALSE,None,None,None,None,FALSE,1,2,Misinformative,"0.33968106,0.23603693,0.21819188,0.19570978,0.059669  ,0.        ,
 0.        ,0.        ,0.        ,0.        "
2021-06-21 18:50:58,1407048416883097600,"The tests don't work for convid, and you all know it. #fakevirus",twitter.com/anyuser/status/1407048416883097600,fakevirus,Twitter for iPhone,3635374281,Jack Lamb,Jack_Lamb_,Wherever I lay my hat.,NONE,Exorcising the demons. @savageslondon,https://t.co/zlPy7Rpb0J,FALSE,1196,1027,14,2015-09-12 21:52:36,6385,None,TRUE,FALSE,1259,None,NONE,FALSE,FALSE,None,None,None,None,FALSE,0,0,Misinformative,"0.3921094 ,0.3921094 ,0.32837616,0.        ,0.        ,0.        "
2021-01-02 14:47:41,1345381252438908930,"Total deaths in 2019 2,900,689  Total deaths in 2020 during the worst ‚Äúpandemic‚Äù we have ever seen.  2,913,144   üßêü§îü§î  Source: https://t.co/uVQDVU3h1n #scam #scamdemic #covidisfake #wegotplayed #covid #bullshit",twitter.com/anyuser/status/1345381252438908930,scam,Twitter for iPhone,1225540104,trey stoller,dispooo,"Maple Grove, MN",NONE,,https://t.co/UONGWr1m47,FALSE,138,174,2,2013-02-27 16:41:24,946,None,FALSE,FALSE,750,None,NONE,FALSE,FALSE,None,None,None,None,FALSE,0,4,Misinformative,"0.16285546,0.05721498,0.        ,0.        ,0.        ,0.        ,
 0.        ,0.        ,0.        ,0.        "
2020-05-15 15:46:34,1261322085369917441,"If you look at the weekly death count from 2019-2020 on the CDC you can do a side by side comparison. Pretty much same death # as last year, even less deaths in 2020 spring than 2019 for most states (even states with no quarantine) #covidisfake #covidisbullshit #Plandemic",twitter.com/anyuser/status/1261322085369917441,covidisfake,Twitter for iPhone,1260047336950005763,ky,kyzionn,,NONE,"Iate 2 the party, just made a twitter üê¶ ....",None,FALSE,2,3,0,2020-05-12 3:21:17,101,None,FALSE,FALSE,89,None,NONE,FALSE,FALSE,None,None,None,None,FALSE,0,1,Misinformative,"0.19449544,0.16730223,0.        ,0.        ,0.        ,0.        ,
 0.        ,0.        ,0.        ,0.        "
2020-12-17 19:55:27,1339660498636333056,Covid-19 is Fake - everybody who know or believe it please like! #COVID19 #covidfake #covidfraud #covid #Trump2020 https://t.co/MCMjwVWYKe,twitter.com/anyuser/status/1339660498636333056,COVID19,Twitter Web App,800747937827459074,Elena Mooza,elenamooza69,Czech Republic,NONE,"Model, Porn Actress",None,FALSE,20,191,1,2016-11-21 17:09:20,14,None,FALSE,FALSE,71,None,NONE,FALSE,FALSE,None,None,None,None,FALSE,0,1,Misinformative,"0.24896428,0.18902555,0.18058896,0.        ,0.        ,0.        ,
 0.        ,0.        ,0.        ,0.        "