tweet_created_at,tweet_id_str,tweet_text,translation,link_to_tweet,hashtags,urls_in_text,user_id_str,user_screen_name,verified,tweet_is_quote_status,tweet_retweet_count,tweet_favorite_count,classification,context_information
2021-07-08 15:04:41,1413152064381751301,"â€˜31 Mart 2021 itibariyle Katar'da 265.000'den fazla kiÅŸi her iki BNT162b2 (Biontech) aÅŸÄ± dozunu da almÄ±ÅŸtÄ±r. AÅŸÄ± etkinliÄŸi, B.1.1.7 varyantÄ±na karÅŸÄ± %89,5 ve B.1.351 varyantÄ±na karÅŸÄ± %75.0 idi. Åiddetli, kritik veya Ã¶lÃ¼mcÃ¼l hastalÄ±ÄŸa karÅŸÄ± etkinlik %97.4 idi.â€™ #Covid19vaccine","â€˜As of March 31, 2021, over 265,000 people in Qatar had received both doses of BNT162b2 (Biontech) vaccine. Vaccine efficacy was 89.5% against variant B.1.1.7 and 75.0% against variant B.1.351. Efficacy against severe, critical or fatal illness was 97.4%.' #Covid19vaccine ",https:\twitter.com\drserkanselvi\status\1413152064381751301,Covid19vaccine,https://t.co/e6VZDmQZyG,1.2540383024805724e+18,drserkanselvi,False,True,0.0,0.0,Informative,"0.39914633,0.32141322,0.16070661,0.16070661,0.16070661,0.16070661,
 0.16070661,0.16070661,0.16070661,0.16070661"
2021-06-24,1407851738221232129,"Ã–lÃ¼m oranÄ± sadece %2,2 olan bir salgÄ±n (!) iÃ§in bu kadar kÄ±sÄ±tlama engel zorlama despotluk yapÄ±lÄ±rken sigara alkol trafik kazasÄ±ndan Ã¶lenlerin oranÄ± kat kat fazlayken bu despotluklar engeller Ã§abalar neden sadece covid iÃ§in?
 
 #AÅŸÄ±MobbingiSuÃ§tur #TedirginOlAÅŸÄ±Olma #Covid","An epidemic with a mortality rate of only 2.2%(!) While so many restrictions, obstacles, enforcement and despotism are made for people, while the rate of those who die from cigarette alcohol traffic accidents is many times higher, these despotisms prevent efforts, why only for covid?
 
 #AÅŸÄ±MobbingiSuÃ§tur#TedirginOlAÅŸÄ±Olma#Covid",https://twitter.com/PANDAGVEZ/status/1407851738221232129?s=20,"AÅŸÄ±MobbingiSuÃ§tur, TedirginOlAÅŸÄ±Olma, Covid",,,PANDAGVEZ,,,,,Unverified,"0.3688654 ,0.34077406,0.29275159,0.24472911,0.1844327 ,0.1844327 ,
 0.1844327 ,0.17038703,0.17038703,0.16042147"
2021-06-16,1405234048348340234,"#DenekOlmaTÃ¼rkiye #TedirginOlAÅŸÄ±Olma En son uygulanan hidroksiklorokin neden kaldÄ±rÄ±ldÄ± ve hangi sonuÃ§lara sebep oldu, aÃ§Ä±klama yapan veya hesap veren oldu mu?Ä°nsan bazÄ± olaylardan ibret almalÄ±dÄ±r. Fareler kendini savunamaz, siz insansÄ±nÄ±z faz3 Ã§alÄ±ÅŸmalarÄ±na kobay olmayÄ±n yazÄ±k.","#DenekOlmaTÃ¼rkiye#TedirginOlAÅŸÄ±Olma Why was the last applied hydroxychloroquine removed and what results did it cause, has anyone made an explanation or been accountable? One should take a lesson from some events. Mice can't defend themselves, you're human, don't be a guinea pig for phase3 studies.",https://twitter.com/Pauline44910758/status/1405234048348340234?s=20,"DenekOlmaTÃ¼rkiye, TedirginOlAÅŸÄ±Olma",,,Pauline44910758,,,,,Unverified,"0.29800674,0.1948518 ,0.1948518 ,0.1948518 ,0.1948518 ,0.1948518 ,
 0.1948518 ,0.1948518 ,0.1948518 ,0.18001265"
2021-06-16,1405020207832350720,Faz 3 Ã§alÄ±ÅŸmasÄ± 3- 4 yÄ±l sÃ¼rÃ¼yor. Her yÄ±l ya da yÄ±lda iki kez bu aÅŸÄ±yÄ± zorlayacaklar. BÄ±ll Gates'in nÃ¼fus azaltma projesi; aÅŸÄ±yÄ± Ã¶lÃ¼msÃ¼zlÃ¼k iksiri sananlar yÃ¼zÃ¼nden tÄ±kÄ±r tÄ±kÄ±r iÅŸliyor. #TedirginOlAÅŸÄ±Olma,Phase 3 study takes 3-4 years. They will push this vaccine every year or twice a year. Bill Gates' depopulation project; It's working hard because of those who think the vaccine is the elixir of immortality.#TedirginOlAÅŸÄ±Olma,https://twitter.com/Miray_2161/status/1405020207832350720?s=20,TedirginOlAsÄ±Olma,,,Miray_2161,,,,,Misinformative,"0.3426792 ,0.31267599,0.19698502,0.19698502,0.19698502,0.1713396 ,
 0.1713396 ,0.16308362,0.        ,0.        "
2021-06-16,1405045373807247360,AÅŸÄ± karÅŸÄ±tlÄ±ÄŸÄ±na saygÄ±m var fakat saÃ§ma sapan komplo teorilerinize zerre yok.DÃ¼ÅŸÃ¼n milletin sÄ±rtÄ±ndan artÄ±k...#TedirginOlAÅŸÄ±Olma,"I respect the anti-vaccination, but your ridiculous conspiracy theories don't have a grain of salt. Get now off the back of the nation...#TedirginOlAÅŸÄ±Olma",https://twitter.com/26MaDMaN/status/1405045373807247360?s=20,TedirginOlAsÄ±Olma,,,26MaDMaN,,,,,Unverified,"0.27612051,0.27612051,0.21914421,0.19811595,0.18319616,0.08416335,
 0.        ,0.        ,0.        ,0.        "
2021-06-16,1405022362282627075,"Garantisiz eÅŸya almak istemeyen insanlar 
 RuhsatsÄ±z ve firma sahibinin sorumluluk kabul etmediÄŸi sÄ±vÄ±larÄ± zerk ettiriyor BEDENÄ°NE inanÄ±lÄ±r gibi deÄŸil !!!! 
 Bu kadar kÃ¶reldi ÅŸuurlarÄ±nÄ±z
 
 #TedirginOlAÅŸÄ±Olma","People who do not want to buy items without a guarantee inject into their bodies unlicensed liquids for which the owner of the company does not accept responsibility. Unbelievable !!!!
 Your consciousness has become so blunted.",https://twitter.com/BaturalpBoru/status/1405022362282627075?s=20,TedirginOlAsÄ±Olma,,,BaturalpBoru,,,,,Unverified,"0.23271436,0.21499175,0.21499175,0.20241735,0.20241735,0.15439773,
 0.        ,0.        ,0.        ,0.        "
2021-06-16,1405251634440060935,"SÄ±rf birileri zengin olacak diye kendi saÄŸlÄ±ÄŸÄ±mÄ± tehlikeye atamam. Bu aÅŸÄ±(!)nÄ±n geÃ§miÅŸi 2 yÄ±llÄ±k var yok. Neye dayanarak,neye gÃ¼venerek aÅŸÄ± olalÄ±m. AÅŸÄ± olduktan sonra rahatsÄ±zlÄ±k geÃ§irirsem bunun sorumlusu kim olacak. #TedirginOlAsÄ±Olma #DenekOlmaTÃ¼rkiye","I can't risk my own health just because someone's going to get rich.
 This vaccine (!) There is no history of 2 years. On what basis, on what trust should we be vaccinated?
 If I get sick after vaccination, who will be responsible?
 #TedirginOlAsÄ±Olma
 #DenekOlmaTÃ¼rkiye",https://twitter.com/kadirfatih54/status/1405251634440060935?s=20,"DenekOlmaTÃ¼rkiye, TedirginOlAÅŸÄ±Olma",,,kadirfatih54,,,,,Unverified,"0.31833155,0.19225275,0.19225275,0.19225275,0.19225275,0.17579971,
 0.16722342,0.13794099,0.12755288,0.12755288"
2021-06-18,1405881287739592706,"YazÄ±n hastalÄ±klar, Ã¶lÃ¼mler iyice azalÄ±r. Bunu bildikleri iÃ§in
 Haziranda Ã§ok aÅŸÄ± yapÄ±p, Temmuz AÄŸustos iÃ§in GÃ¶rdÃ¼nÃ¼z mÃ¼, aÅŸÄ± sayesinde nefes aldÄ±k algÄ±sÄ± yapÄ±lacak
 Sonra kÄ±ÅŸ gelip hastalÄ±klar baÅŸlayÄ±nca, aÅŸÄ± olmayanlar yÃ¼zÃ¼nden virÃ¼s mutasyona uÄŸradÄ± diyecekler
 #TedirginOlAÅŸÄ±Olma","Diseases and deaths decrease in summer. Because they know this
 We will make a lot of vaccinations in June, for July and August See, we will be perceived as breathing thanks to the vaccine.
 Then when winter comes and diseases begin, they will say that the virus has mutated because of those who have not been vaccinated
 #TedirginOlAÅŸÄ±Olma",https://twitter.com/BardhiLuciano/status/1405881287739592706?s=20,TedirginOlAsÄ±Olma,,,BardhiLuciano,,,,,Misinformative,"0.18621451,0.18621451,0.18621451,0.18621451,0.18621451,0.18621451,
 0.18621451,0.17203314,0.17027822,0.1619713 "
2021-06-16,1405218772110172163,"#DenekOlmaTÃ¼rkiye AÅŸÄ±nÄ±n daha ruhsatÄ± bile yok , FRANSAâ€™nÄ±n reddettiÄŸi ne olduÄŸu belli olmayan sÄ±vÄ±larÄ± ve 3-4 yÄ±l sonra ne hasar bÄ±rakabileceÄŸi aÅŸÄ±larÄ± bedava diye oluyorsunuz ya iyi dÃ¼ÅŸÃ¼nÃ¼n olurken .. BeleÅŸ peynir , fare kapanÄ±nda olur .. #TedirginOlAsÄ±Olma #asÄ±maÄŸdurlarÄ±","The vaccine doesn't even have a license yet, you get the unknown liquids that FRANCE rejects, and what damage it can cause after 3-4 years, so think about it well.. Free cheese is in a mousetrap..
 #TedirginOlAsÄ±Olma
 #asÄ±maÄŸdurlarÄ±",https://twitter.com/KgnPsn/status/1405218772110172163?s=20,"TedirginOlAsÄ±Olma, asÄ±maÄŸdurlarÄ±",,,KgnPsn,,,,,Misinformative,"0.2076736 ,0.2076736 ,0.2076736 ,0.2076736 ,0.18063664,0.18063664,
 0.18063664,0.18063664,0.17193268,0.15880822"
2021-06-16,1405236205013417984,Son zamanlarda aÅŸÄ±ya karÅŸÄ± olan tepkinin ve ÅŸÃ¼phenin artmasÄ± gerÃ§ekten umut verici #DenekOlmaTÃ¼rkiye #TedirginOlAsÄ±Olma,It is really hopeful that the reaction and suspicion against the vaccine has increased recently.#DenekOlmaTÃ¼rkiye#TedirginOlAsÄ±Olma,https://twitter.com/sadkappk/status/1405236205013417984?s=20,"DenekOlmaTÃ¼rkiye, TedirginOlAÅŸÄ±Olma",,,sadkappk,,,,,Unverified,"0.30368311,0.28055579,0.2641467 ,0.25141882,0.25141882,0.22461029,
 0.        ,0.        ,0.        ,0.        "
2021-06-17,1405500232176214017,Olm bu ne acele avm lere aÅŸÄ± vurmaya gidiyor Gaziantep il saÄŸlÄ±k mÃ¼dÃ¼rlÃ¼ÄŸÃ¼ ekipleri olmak istemeyen Ã§alÄ±ÅŸanlara psikolojik baskÄ±yla dayayacaklar bÃ¶ylece... #TedirginOlAsÄ±Olma #DenekOlmaTÃ¼rkiye,"Oh, what a hurry, they are going to the shopping malls to vaccinate Gaziantep Provincial Health Directorate teams Pouting face They will impose psychological pressure on employees who do not want to be...#TedirginOlAsÄ±Olma#DenekOlmaTÃ¼rkiye",https://twitter.com/gokkurt_gok/status/1405500232176214017?s=20,"DenekOlmaTÃ¼rkiye, TedirginOlAÅŸÄ±Olma",,,gokkurt_gok,,,,,Misinformative,"0.23761245,0.23761245,0.23761245,0.23761245,0.17574306,0.16578432,
 0.07242584,0.        ,0.        ,0.        "
,1336597672506101760,"ğŸ’‰ğŸ§ªSaÄŸlÄ±k BakanÄ±â€™nÄ±n Ã‡inâ€™den sipariÅŸ edilen aÅŸÄ±larÄ±n 11 AralÄ±kâ€™tan itibaren saÄŸlÄ±k emekÃ§ilerinden baÅŸlamak Ã¼zere vatandaÅŸlara yapÄ±lmaya baÅŸlanacaÄŸÄ±nÄ± aÃ§Ä±klamasÄ±yla birlikte KoronavirÃ¼s aÅŸÄ±larÄ± Ã¼zerine tartÄ±ÅŸmalar alevlendi. 
 @ttborgtr
 #Ã‡inAÅŸÄ±sÄ± #CovidAÅŸÄ±","SyringeTest tube Discussions on coronavirus vaccines flared up after the Minister of Health announced that vaccines ordered from China will begin to be made to citizens starting from December 11, starting from health workers.
 @ttborgtr
 #Ã‡inAÅŸÄ±sÄ±#CovidAÅŸÄ±",https://twitter.com/gercekgazetesi/status/1336597672506101760?s=20,"covidaÅŸÄ±, Ã‡inAÅŸÄ±sÄ±",,,,,,,,Informative,"0.28510106,0.19273466,0.19273466,0.19273466,0.19273466,0.19273466,
 0.19273466,0.19273466,0.19273466,0.19273466"
,1333415546319212545,Ã‡ocuklarda yeterli klinik araÅŸtÄ±rma ve Ã§alÄ±ÅŸma yapÄ±lmadÄ±ÄŸÄ± iÃ§in aÅŸÄ± uygulamasÄ±na baÅŸlandÄ±ÄŸÄ±nda Ã§ocuk yaÅŸ gurubuna aÅŸÄ± yapÄ±lmayacak. Yeterli klinik Ã§alÄ±ÅŸma tamamlandÄ±ktan sonra karar verilecek. Ä°lk etabda Ã§ocuklar iÃ§in aÅŸÄ± uygulamasÄ± yok. #Ã§ocukcovidaÅŸÄ± #covidaÅŸÄ±,"Since there are not enough clinical studies and studies in children, the child age group will not be vaccinated when the vaccine is started. A decision will be made after adequate clinical studies have been completed. In the first place, there is no vaccination for children.#Ã§ocukcovidaÅŸÄ±#covidaÅŸÄ±",https://twitter.com/Nurcangul_27/status/1333415546319212545?s=20,"covidaÅŸÄ±, Ã§ocukcovidaÅŸÄ±",,,,,,,,Informative,"0.36272263,0.36272263,0.18136131,0.18136131,0.18136131,0.18136131,
 0.16754955,0.16584037,0.15014878,0.1203268 "
,1264098541166886912,"COVID19 Ã¶nlemeye yÃ¶nelik tÃ¼m DÃ¼nyada yapÄ±lan 100â€™den fazla #covidaÅŸÄ± Ã§alÄ±ÅŸmasÄ±nda , 10 tanesi faz1 ve faz II aÅŸamasÄ±na geÃ§ti. Sosyal mesafeyi korumaya devam, aÅŸÄ±lama baÅŸlayana kadar.","More than 100 studies done all over the world for the prevention of COVID19 #covidaÅŸÄ± In his study, 10 of them progressed to phase 1 and phase II. Keep social distancing until vaccination starts.",https://twitter.com/drdeniztural/status/1264098541166886912?s=20,covidaÅŸÄ±,,,,,,,,Informative,"0.22198194,0.22198194,0.22198194,0.22198194,0.22198194,0.20507667,
 0.19308218,0.19308218,0.19308218,0.19308218"
,1350800018970730497,Herkes fikir beyan ediyor tamam ama bu karamsar fikirlerden gÄ±na geldi.. Ã‡in aÅŸÄ±sÄ± ÅŸÃ¶yleymiÅŸ bÃ¶yleymiÅŸ.. ArkadaÅŸÄ±m ben devletime gÃ¼veniyorum.. Devlet vatandaÅŸÄ±nÄ± yakabilir gÃ¶zÃ¼yle bakÄ±yorsan zaten aÅŸÄ± olma ortamÄ±da manipÃ¼le etme. Bi bitmediniz.. #CovidAÅŸÄ±,"Everyone is expressing their opinions, but I am tired of these pessimistic ideas..
 The Chinese vaccine was like this..
 My friend, I trust my state..
 If you think that the state can burn your citizens, do not manipulate in the vaccination environment.
 You are not finished..
 #CovidAÅŸÄ±",https://twitter.com/AdnanErasln/status/1350800018970730497?s=20,covidaÅŸÄ±,,,,,,,,Unverified,"0.16882239,0.16882239,0.16882239,0.16882239,0.1606877 ,0.1606877 ,
 0.14842162,0.14355373,0.05916023,0.        "
,1381866484364894208,"AÅŸÄ± olmayÄ± bekliyoruz, randevusuna gelmeyenlerin hakkÄ± devredilmeliydi. AÅŸÄ± randevusunu alÄ±p gelmeyenlere ne diyelim bilemedim #covidaÅŸÄ±","We are waiting to be vaccinated, the rights of those who did not come to their appointment should have been transferred. I did not know what to say to those who did not get their vaccination appointment.#covidaÅŸÄ±",https://twitter.com/baskuny/status/1381866484364894208?s=20,covidaÅŸÄ±,,,,,,,,Unverified,"0.29780694,0.18154703,0.        ,0.        ,0.        ,0.        ,
 0.        ,0.        ,0.        ,0.        "
,1359819185812082690,2. Doz #covidaÅŸÄ± mÄ± oldum. #aÅŸÄ± toplumsal bir gÃ¶revdir...,"I have gotten my second dose #covidvaccine, #vaccine is a social duty.",https://twitter.com/mdbulentozturk/status/1359819185812082690?s=20,"covidaÅŸÄ±, aÅŸÄ±",,,,,,,,Unverified,"0.45830591,0.36691534,0.26074645,0.15121024,0.        ,0.        ,
 0.        "
,1359949615781584897,"AÅŸÄ± Polikliniklerimizde yirmi sekiz gÃ¼n Ã¶nce ilk doz Covid-19 aÅŸÄ±sÄ±nÄ± olup randevu alan saÄŸlÄ±k personelimize ikinci doz aÅŸÄ± uygulamasÄ± baÅŸladÄ±. 
 CoronayÄ± AÅŸÄ± ile AÅŸÄ±yoruz. 
 @saglikbakanligi
 
 @sbkhgm
 
 @M_saglikbasin
 
 #asizinciri #mersin #covidasi","The second dose of vaccine started to be administered to our healthcare personnel who received the first dose of Covid-19 vaccine twenty-eight days ago and made an appointment in our Vaccination Policlinics.
 We are Overcoming Corona with Vaccine.
 @saglikbakanligi
 
 @sbkhgm
 @M_saglikbasin
 
 #asizinciri#mersin#covidasi",https://twitter.com/MersinSehirHst/status/1359949615781584897?s=20,"covidaÅŸÄ±, asizinciri",,,,,,,,Informative,"0.29744957,0.20108253,0.18576887,0.18576887,0.18576887,0.18576887,
 0.18576887,0.18387383,0.17490366,0.16647594"
,1400447098034671618,"GeÃ§en hafta ABâ€™den onay Ã§Ä±kmasÄ±ndan sonra 12-15 yaÅŸ arasÄ± Ã§ocuklara Pfizer aÅŸÄ±larÄ±nÄ± yaptÄ±ran ilk Ã¼lke #Romanya oldu. Ulusal AÅŸÄ± Komitesinden (CNCAV) yapÄ±lan aÃ§Ä±klamada son 24 saatte 1,903 Ã§ocuÄŸa aÅŸÄ± yapÄ±lÄ±rken, 4000â€™i de randevu almÄ±ÅŸ durumda. #Romanya #BÃ¼kreÅŸ #covidAÅŸÄ± #pfizer","First country to get Pfizer vaccines for children aged 12-15 after EU approval last week #Romanya it happened. In the statement made by the National Immunization Committee (CNCAV), 1,903 children have been vaccinated in the last 24 hours, while 4000 have received appointments.#Romanya#BÃ¼kreÅŸ#covidAÅŸÄ±#pfizer",https://twitter.com/romanya_haber/status/1400447098034671618?s=20,"covidaÅŸÄ±, pfizer",,,,,,,,Informative,"0.32244834,0.32244834,0.16122417,0.16122417,0.16122417,0.16122417,
 0.16122417,0.16122417,0.16122417,0.16122417"
,1349960354814636033,"Biz de aÅŸÄ±mÄ±zÄ± oldukâ˜ºï¸AÅŸÄ± ile ilgili dedikodulara inanmayalÄ±m. AÅŸÄ± olmak kanÄ±ta dayalÄ± bir karardÄ±r. #Covid19 #CovidAÅŸÄ± #NevzatTarhan
 https://nevzattarhan.com/prof-dr-nevzat-tarhan-covid-19-asisi-oldu.html","We got our vaccine too Smiling face Let's not believe the rumors about the vaccine. Getting vaccinated is an evidence-based decision.#Covid19#CovidAÅŸÄ±#NevzatTarhan
 https://nevzattarhan.com/prof-dr-nevzat-tarhan-covid-19-asisi-oldu.html",https://twitter.com/drnevzattarhan/status/1349960354814636033?s=20,"covidaÅŸÄ±, Covid19",,,,,,,,Unverified,"0.21683016,0.21683016,0.20031723,0.18860111,0.17208817,0.16581025,
 0.16037206,0.15128433,0.14385912,0.14059931"
,1351052485977382916,Covid-19 aÅŸÄ±sÄ± 1. Dozumuzu vurulduk ... Bu aÅŸÄ±yÄ± halkÄ±na Ã¼cretsiz sunan baÅŸta sayÄ±n CumhurbaÅŸkanÄ±m Recep Tayyip ErdoÄŸan olmak Ã¼zere bÃ¼tÃ¼n emeÄŸi geÃ§enlere teÅŸekkÃ¼r ediyorum.. #CovidaÅŸÄ±,"We shot our 1st dose of Covid-19 vaccine... I would like to thank all those who contributed, especially my esteemed President Recep Tayyip ErdoÄŸan, who offered this vaccine to his people for free..#CovidaÅŸÄ±",https://twitter.com/NalcSerdar/status/1351052485977382916?s=20,covidaÅŸÄ±,,,,,,,,Unverified,"0.20896022,0.20896022,0.20896022,0.1967386 ,0.18725877,0.17951319,
 0.16729156,0.15781173,0.15006615,0.        "
2021-07-26 11:15:23,1419617339151208453,AÅŸÄ± olmama gerekÃ§elerim; RuhsatÄ± yok Faz 3 bitmemiÅŸ AÅŸÄ± firmalarÄ± sorumluluk almÄ±yor Devlet sorumluluk almÄ±yor Covid-19'un Ã¶lÃ¼m oranÄ± %1 Ã–lÃ¼m dÃ¢hil yan etkileri Ã§ok AÅŸÄ± tablosu tutulmuyor KoruduÄŸuna dair delil yok Denek deÄŸilim Mehmet Ceyhan'Ä±n oÄŸlu olmadÄ± #AÅŸÄ±olmaKobayolma,"My reasons for not being vaccinated; It has no license. Phase 3 is not finished. Vaccine companies do not take responsibility. The government does not take responsibility. The death rate of Covid-19 is 1%. There are many side effects, including death. Vaccination chart is not kept. There is no evidence that he is protected. I am not a test subject Mehmet Ceyhan did not have a son #AÅŸÄ±olmaKobayolma ",https:\twitter.com\YorumUyar\status\1419617339151208453,AÅŸÄ±olmaKobayolma,,1.1191439097020334e+18,YorumUyar,False,False,6.0,13.0,Misinformative,"0.27825964,0.22299278,0.16805177,0.16805177,0.16805177,0.1552536 ,
 0.1552536 ,0.1552536 ,0.1552536 ,0.1552536 "
2021-07-25 17:03:54,1419342656417771525,"Ä°lk seÃ§imde #AÅŸÄ± ve #Maske isteyen olsun taksÄ±n istemeyen takmasÄ±n,bunlar yÃ¼zÃ¼nden millete ceza yazÄ±lmaz diyen bir babayiÄŸit Ã§Ä±karsa oyumuz onundur #Covid_19 #coronavirus #AÅŸÄ±yaHayÄ±r #AÅŸÄ±mayyaklarÄ± #asÄ±olmayacaÄŸÄ±m #AÅŸÄ±ZorbalarÄ±TutuklansÄ±n #AsÄ±olmaKobayolma",,https:\twitter.com\YlmazTr13151285\status\1419342656417771525,"AÅŸÄ±, Maske, Covid_19, coronavirus, AÅŸÄ±yaHayÄ±r, AÅŸÄ±mayyaklarÄ±, asÄ±olmayacaÄŸÄ±m, AÅŸÄ±ZorbalarÄ±TutuklansÄ±n, AsÄ±olmaKobayolma",,1.2840798084404224e+18,YlmazTr13151285,False,False,0.0,0.0,Unverified,"0.21246223,0.21246223,0.19628194,0.17589718,0.16862155,0.11167174,
 0.06475989,0.        ,0.        ,0.        "
2021-07-25 12:39:02,1419276003147489286,Maske elleri sÃ¼rekli yÃ¼ze gÃ¶tÃ¼rmeye sebep olduÄŸu iÃ§in virÃ¼sÃ¼n bulaÅŸmasÄ±na bile sebep olabilir. Maske korumaz. VirÃ¼s aÃ§Ä±k havada hastadan hoplayÄ±p zÄ±playarak size bulaÅŸmaz havada yÃ¼zemez.' Prof.Dr. Mesut YÄ±lmaz MASKE Ã–LDÃœRÃœR!  #AÅŸÄ±olmaKobayolma,,https:\twitter.com\YorumUyar\status\1419276003147489286,AÅŸÄ±olmaKobayolma,,1.1191439097020334e+18,YorumUyar,False,False,16.0,27.0,Misinformative,"0.40950927,0.28478577,0.17199315,0.14960141,0.14960141,0.14239289,
 0.14239289,0.13650309,0.13152334,0.        "
2021-07-25 6:49:44,1419188098626424836,BugÃ¼n pozitif olduÄŸu sÃ¶ylenen 9000 kiÅŸinin kaÃ§ tanesi aÅŸÄ±lÄ±. Buyur bakan bey. Buyurun bakanlÄ±k mensuplarÄ±. Buyurun bilim (bill'in) kurulu Ã¼yeleri. Bu soruya cevap vermeye saÄŸlÄ±ÄŸÄ±mÄ±z iÃ§in MECBURSUNUZ Dr. Yavuz Ã–RNEK #AÅŸÄ±olmaKobayolma,,https:\twitter.com\YorumUyar\status\1419188098626424836,AÅŸÄ±olmaKobayolma,,1.1191439097020334e+18,YorumUyar,False,False,20.0,36.0,Unverified,"0.18506616,0.18506616,0.18506616,0.18506616,0.18506616,0.18506616,
 0.17097225,0.16097246,0.16097246,0.16097246"
2021-07-18 20:33:19,1416858645749452803,Ã‡ocuklar kadar dikkatli olmak yeter! #AsÄ±olmaKobayolma #asÄ±deÄŸilserikatil #asÄ±olun https://t.co/soWufVQd5o,,https:\twitter.com\muratcangullu\status\1416858645749452803 ,"AsÄ±olmaKobayolma, asÄ±deÄŸilserikatil, asÄ±olun",,624774810.0,muratcangullu,False,False,0.0,0.0,Misinformative,"0.36560927,0.25508884,0.24256878,0.        ,0.        ,0.        ,
 0.        ,0.        ,0.        ,0.        "
2021-07-18 17:49:12,1416817341573312521,"AÅŸÄ± olanlarÄ±n kulaklarÄ±na, sokak hayvanlarÄ±nki gibi kÃ¼pe takÄ±n. AÅŸÄ± olan ve olmayanla aradaki sorunu anlarsÄ±nÄ±z. Olmayanlarda sorun olursa, o zaman konuÅŸun. #ZorlamaErdoÄŸan #AsÄ±DeÄŸilBiyolojikSilah #AsÄ±olmaKobayolma #AsÄ±ZorbalÄ±ÄŸÄ±naDiren #KesSesiniFatihAltaylÄ± #ToplaBavulunuAKP",,https:\twitter.com\Kustah1Deniz\status\1416817341573312521,"ZorlamaErdoÄŸan, AsÄ±DeÄŸilBiyolojikSilah, AsÄ±olmaKobayolma, AsÄ±ZorbalÄ±ÄŸÄ±naDiren, KesSesiniFatihAltaylÄ±, ToplaBavulunuAKP",,1.3866755374317322e+18,Kustah1Deniz,False,False,2.0,6.0,Unverified,"0.22107874,0.22107874,0.20424225,0.20424225,0.20424225,0.16351439,
 0.13477251,0.        ,0.        ,0.        "
"""2021-07-26 16:37:29""",1419698399323074560,AÅŸÄ± olmama Ã¶zgÃ¼rlÃ¼ÄŸÃ¼nÃ¼zÃ¼ kullanirken birilerinin yaÅŸama Ã¶zgÃ¼rlÃ¼ÄŸÃ¼nÃ¼ elinden alma sorumluluÄŸunu nasÄ±l alacaksÄ±nÄ±z merak ediyorum. Ä°ki cihanda da elimiz yakanÄ±zda... #asÄ±olmayacaÄŸÄ±m #asÄ±ol #AsÄ±DeÄŸilBiyolojikSilah #ASIKAMPANYASI #AsÄ±ZorbalÄ±ÄŸÄ±naDiren #AsÄ±olmaKobayolma,,https:\twitter.com\IstikbalGun\status\1419698399323074560,"asÄ±olmayacaÄŸÄ±m, asÄ±ol, AsÄ±DeÄŸilBiyolojikSilah, ASIKAMPANYASI, AsÄ±ZorbalÄ±ÄŸÄ±naDiren, AsÄ±olmaKobayolma",,7.72358851450536e+17,IstikbalGun,False,False,0.0,1.0,Unverified,"0.21663007,0.07147341,0.        ,0.        ,0.        ,0.        ,
 0.        ,0.        ,0.        ,0.        "
2021-07-26 14:21:10,1419664094890762245,Ortam tamda bu oldu #sokaknoebetcileri #EcemYalnÄ±zDeÄŸilsin #ORKÄ°DVAR #KuecuekcekmeceKedisiÄ°cinAdalet #Survivor2021 DayÄ± #asÄ±maÄŸdurlarÄ± #YeniProfilResmi #askÄ±memnu Behluel #BizVoleybolUElkesiyiz #AsÄ±yÄ±BÄ±rakSanatÄ±naBak ğŸ˜’ https://t.co/VfuXoSHKkm,,https:\twitter.com\ahin63280691\status\1419664094890762245,"sokaknoebetcileri, EcemYalnÄ±zDeÄŸilsin, ORKÄ°DVAR, KuecuekcekmeceKedisiÄ°cinAdalet, Survivor2021, asÄ±maÄŸdurlarÄ±, YeniProfilResmi, askÄ±memnu, BizVoleybolUElkesiyiz, AsÄ±yÄ±BÄ±rakSanatÄ±naBak",,1.3181418430586593e+18,ahin63280691,False,False,0.0,0.0,Unverified,"0.19335811,0.        ,0.        ,0.        ,0.        ,0.        ,
 0.        ,0.        ,0.        ,0.        "
2021-07-26 13:31:58,1419651711355035650,AÅŸÄ± olan arkadaslarÄ±m: Niye aÅŸÄ± olmuyorsun kanka cahil misin ? Ben: Kanka bugÃ¼ne kadar aÅŸÄ± olmadan geldim bugÃ¼nden sonra da giderim. AÅŸÄ± olan arkadaÅŸÄ±m dÃ¼n pozitif Ã§Ä±ktÄ± ve ben temaslÄ± olduÄŸum halde testim negatif. Ã‡Ã¼nkÃ¼ alkol tÃ¼m kÃ¶tÃ¼lÃ¼klerin dÃ¼ÅŸmanÄ±dÄ±r. #asÄ±maÄŸdurlarÄ±,,https:\twitter.com\cankanken\status\1419651711355035650,asÄ±maÄŸdurlarÄ±,,1.2872672471579156e+18,cankanken,False,False,0.0,3.0,Misinformative,"0.26726394,0.26726394,0.22028539,0.18067637,0.18067637,0.18067637,
 0.16691677,0.16691677,0.16691677,0.16691677"
2021-07-26 13:27:27,1419650573842927618,Ne gibi yan etkisi olabilir ki #asÄ±maÄŸdurlarÄ± https://t.co/xxt5oUg8Tb,,https:\twitter.com\dumanseverrrrr\status\1419650573842927618,asÄ±maÄŸdurlarÄ±,,2749263612.0,dumanseverrrrr,False,False,0.0,14.0,Unverified,"0.46442967,0.43726619,0.41619657,0.        ,0.        ,0.        ,
 0.        "
2021-07-26 12:54:15,1419642217866596354,Bugun Hatay covid servisinde yatan hastalarÄ±n %90 Ä± aÅŸÄ±sÄ±z yoÄŸun bakÄ±mda yatanlarÄ±n %98 i aÅŸÄ±sÄ±z.#COVID-19 #AsÄ±ZorbalÄ±ÄŸÄ±naDiren #asÄ±maÄŸdurlarÄ± TakÄ±lÄ±n sizâ€¦,,https:\twitter.com\docdrmfk\status\1419642217866596354,"COVID, AsÄ±ZorbalÄ±ÄŸÄ±naDiren, asÄ±maÄŸdurlarÄ±",,1.3684226242258616e+18,docdrmfk,False,False,35.0,89.0,Unverified,"0.42366738,0.32316043,0.2435401 ,0.2435401 ,0.22499304,0.21183369,
 0.18012728,0.        ,0.        ,0.        "
2021-07-26 12:28:00,1419635612118827012,"Bu millet size inandÄ±, samimiyetimizle gÃ¼vendi @drfahrettinkoca  Bu krizleri yaÅŸÄ±yor olmak SaÄŸlÄ±k BakanlÄ±ÄŸÄ±'na hiÃ§ yakÄ±ÅŸmÄ±yor. #nehirpolat #favicovir #asÄ±maÄŸdurlarÄ± #sÃ¼dge #sÃ¼dgekrizi",,https:\twitter.com\huseyinsevkiii\status\1419635612118827012,"nehirpolat, favicovir, asÄ±maÄŸdurlarÄ±, sÃ¼dge, sÃ¼dgekrizi",,1.4168237670792602e+18,huseyinsevkiii,False,False,5.0,14.0,Unverified,"0.25530342,0.23586051,0.18882767,0.17812747,0.        ,0.        ,
 0.        ,0.        ,0.        ,0.        "
2021-07-26 12:19:34,1419633491407474695,BugÃ¼n A$Ä± olmaya gittim kalmadÄ± dediler bu nasÄ±l bir Ã§Ä±kmaz anlamadÄ±m olmak istersin yok derler olmak istemezsin a$Ä± karÅŸÄ±tÄ± derler.Bu gidiÅŸle kapanmalar baÅŸlar vakalar artar...#asÄ±ol #asÄ±maÄŸdurlarÄ±,,https:\twitter.com\Odin17049313\status\1419633491407474695,"asÄ±ol, asÄ±maÄŸdurlarÄ±",,1.4005337063690813e+18,Odin17049313,False,False,0.0,0.0,Unverified,"0.3058547 ,0.21918503,0.20249276,0.20249276,0.18146298,0.18146298,
 0.1454215 ,0.1152053 ,0.        ,0.        "
2021-07-26 11:44:38,1419624698518835202,EÄŸer bu tatilciler ve tÃ¼revleri yÃ¼zÃ¼nden kÄ±ÅŸÄ±nda tÄ±kÄ±lÄ±rsam evde aÅŸÄ± olduÄŸum halde fena kulaÄŸÄ±nÄ± Ã§Ä±nlatÄ±rÄ±m bilin istedim.#asÄ±dan #asÄ±maÄŸdurlarÄ±,,https:\twitter.com\mrtbyrmc67\status\1419624698518835202,"asÄ±dan, asÄ±maÄŸdurlarÄ±",,8.782617701163131e+17,mrtbyrmc67,False,False,0.0,0.0,Unverified,"0.23370939,0.08604455,0.        ,0.        ,0.        ,0.        ,
 0.        ,0.        ,0.        ,0.        "
2021-07-26 11:29:36,1419620917450182658,"hiÃ§ aÅŸÄ± kaÃ§ insanÄ±n hayatÄ±nÄ± kurtarmÄ±ÅŸ bunu yazmÄ±yorlar 2.doz sonrasÄ± Ã¶len brezilyalÄ± sik cerrahÄ± haberinin altÄ±nda dÃ¶ktÃ¼rÃ¼yorlar, 70-80 yaÅŸÄ±ndaki insanlar bu aÅŸÄ± sayesinde kurtulmuÅŸ ise bunlarÄ± yazmÄ±yorlar. bir ilaÃ§ prospektÃ¼sÃ¼ aÃ§Ä±p okumadÄ±nÄ±z mÄ± hiÃ§ hayatÄ±nÄ±zda #asÄ±maÄŸdurlarÄ±",,https:\twitter.com\eda_fethiye\status\1419620917450182658,asÄ±maÄŸdurlarÄ±,,1.071790361251627e+18,eda_fethiye,False,False,0.0,0.0,Unverified,"0.18635669,0.18635669,0.18635669,0.18635669,0.1721645 ,0.1721645 ,
 0.1721645 ,0.1721645 ,0.16209497,0.16209497"
2021-07-26 10:44:52,1419609658151555076,Yani â€œdeney gruplarÄ±ndan alÄ±nan sonuÃ§larÄ± yorumlarÄ±mâ€demiÅŸ. KlÃ¢sik deney prosedÃ¼rÃ¼â€¦ğŸ˜’ #23MilyonKisiHeryerde #aÅŸÄ±maÄŸdurlarÄ±,,https:\twitter.com\fvuralan\status\1419609658151555076,"23MilyonKisiHeryerde, aÅŸÄ±maÄŸdurlarÄ±",https://t.co/QXSJnjoFJf,1.3608989299703235e+18,fvuralan,False,True,0.0,1.0,Misinformative,"0.28781066,0.28781066,0.        ,0.        ,0.        ,0.        ,
 0.        ,0.        ,0.        ,0.        "
2021-07-26 10:41:10,1419608728169586688,"AÅŸÄ± olmayan herkes, diÄŸer aÅŸÄ± olmayanlarÄ±n aÅŸÄ± olmasÄ±nÄ± istiyor. Kendimden biliyorum :) #asÄ±maÄŸdurlarÄ± #asÄ±dan #NeOluyor #coronavirus #COVID19 #Covid_19",,https:\twitter.com\mkocer06\status\1419608728169586688,"asÄ±maÄŸdurlarÄ±, asÄ±dan, NeOluyor, coronavirus, COVID19, Covid_19",,2328534426.0,mkocer06,False,False,0.0,0.0,Unverified,"0.30525322,0.30525322,0.28200633,0.27912957,0.23342745,0.21297789,
 0.19793553,0.        ,0.        ,0.        "
2021-07-26 10:00:22,1419598459141869569,Vega barÄ±naktan Ã§Ä±ktÄ±ğŸ˜ğŸ‡ Fip i yenerse bi ÅŸansÄ± olacak Hayatta kalsÄ±n mÄ±â“ #yks2021 #asÄ±maÄŸdurlarÄ± #24Temmuz #MemurunTeklifi,,https:\twitter.com\eda123456795567\status\1419598459141869569,"yks2021, asÄ±maÄŸdurlarÄ±, 24Temmuz, MemurunTeklifi",https://t.co/CqDEacBMSl,2505945604.0,eda123456795567,False,True,0.0,1.0,Unverified,"0.27561648,0.24699248,0.24699248,0.        ,0.        ,0.        ,
 0.        ,0.        ,0.        ,0.        "
2021-07-26 9:51:17,1419596173157994499,Yaz aylarÄ±nda dÃ¼ÅŸen vaka sayÄ±sÄ± bir anda neden artÄ±yor?? AÅŸÄ± olmanÄ±z iÃ§in bence zorunlu yapmadÄ±k herkes kendi isteÄŸiyle aÅŸÄ± oldu demek iÃ§in.... Benim fikri gÃ¶rÃ¼ÅŸÃ¼m budur... #pazartesi #ErolkÃ¶se #asÄ±maÄŸdurlarÄ± #asÄ±olmayacaÄŸÄ±m #Covid_19,,https:\twitter.com\Birsenih\status\1419596173157994499,"pazartesi, ErolkÃ¶se, asÄ±maÄŸdurlarÄ±, asÄ±olmayacaÄŸÄ±m, Covid_19",,2885464654.0,Birsenih,False,False,0.0,0.0,Unverified,"0.2207827 ,0.2207827 ,0.20396875,0.20396875,0.20396875,0.19203907,
 0.19203907,0.19203907,0.16883276,0.16883276"
2021-07-26 9:27:09,1419590100158226432,AÅŸÄ± olmayanlar #AVM lere alÄ±nmayacak ise bu benim iÅŸime gelir. Her avm ye giriÅŸ Ã§Ä±kÄ±ÅŸÄ±m en az 400â‚º Size zahmet yasaklayÄ±n da bu iÅŸkence bitsin  #asÄ±maÄŸdurlarÄ± #AsÄ±yÄ±BÄ±rakSanatÄ±naBak #asÄ±olmayacaÄŸÄ±m,,https:\twitter.com\sessizzadm\status\1419590100158226432,"AVM, asÄ±maÄŸdurlarÄ±, AsÄ±yÄ±BÄ±rakSanatÄ±naBak, asÄ±olmayacaÄŸÄ±m",,1.3650005658314342e+18,sessizzadm,False,False,0.0,2.0,Unverified,"0.21946721,0.21946721,0.18853951,0.07240947,0.        ,0.        ,
 0.        ,0.        ,0.        ,0.        "
2021-07-26 9:15:49,1419587249264594946,"Sosyal alanlarda sigara iÃ§en ile iÃ§meyen ayrÄ±mÄ± nasÄ±l yapÄ±lÄ±yorsa aÅŸÄ± konusunda da aynÄ± ayrÄ±m yapÄ±labilir (istiyorsanÄ±z)  Sinemaya, lokantaya girmesinler demek barbarlÄ±ktÄ±r! Ã‡okta umrunda sanki milletin. Zaten kimsede para yok!  #aÅŸÄ± #asÄ±maÄŸdurlarÄ± #AsÄ±yÄ±BÄ±rakSanatÄ±naBak",,https:\twitter.com\hakanozatar\status\1419587249264594946,"aÅŸÄ±, asÄ±maÄŸdurlarÄ±, AsÄ±yÄ±BÄ±rakSanatÄ±naBak",,7.735049603277414e+17,hakanozatar,False,False,0.0,0.0,Unverified,"0.20988614,0.19390204,0.19390204,0.19390204,0.19390204,0.18256113,
 0.16657703,0.13925201,0.12794936,0.        "
2021-07-26 8:36:29,1419577352347062272,"EÅŸim 2 doz Sinovac lÄ±, 4 gÃ¼ndÃ¼r ateÅŸ ve kas aÄŸrÄ±larÄ± ile evde, klÃ¢sik grip tedavisi iÃ¢Ã§larÄ± uyguluyoruz. No PCR, No hastaneâ€¦ #plandemi #aÅŸÄ±maÄŸdurlarÄ± #23MilyonKisiHeryerde",,https:\twitter.com\fvuralan\status\1419577352347062272,"plandemi, aÅŸÄ±maÄŸdurlarÄ±, 23MilyonKisiHeryerde",,1.3608989299703235e+18,fvuralan,False,False,2.0,20.0,Unverified,"0.22327248,0.22327248,0.22327248,0.22327248,0.20626893,0.20626893,
 0.18484697,0.1707367 ,0.16513693,0.        "
2021-07-26 8:16:41,1419572366426902535,Åu an TGRT canlÄ± yayÄ±nda saÃ§malayan bir Dr Erol bey ve karÅŸÄ±sÄ±nda aslanlar gibi @ProfSFindik @ErkanTrukten kaÃ§Ä±rmayÄ±n! #23MilyonKisiHeryerde #plandemi #asÄ±maÄŸdurlarÄ± https://t.co/icbcUx592H,,https:\twitter.com\fvuralan\status\1419572366426902535,"23MilyonKisiHeryerde, plandemi, asÄ±maÄŸdurlarÄ±",,1.3608989299703235e+18,fvuralan,False,False,3.0,9.0,Unverified,"0.25405533,0.20163209,0.13353339,0.        ,0.        ,0.        ,
 0.        ,0.        ,0.        ,0.        "
2021-07-26 8:09:33,1419570571340357632,PCR TESTÄ° GERÃ‡EKTEN PATLADI MI? #pcr #PcrBalonuPATLADI #PCRBalonuPatladÄ± #pazartesi #lgs2021 #MemurunTeklifi #koronavirÃ¼s #asÄ±dan #asÄ±maÄŸdurlarÄ± https://t.co/ME6dOHCFFF,,https:\twitter.com\BursaHaberdar\status\1419570571340357632,"pcr, PcrBalonuPATLADI, PCRBalonuPatladÄ±, pazartesi, lgs2021, MemurunTeklifi, koronavirÃ¼s, asÄ±dan, asÄ±maÄŸdurlarÄ±",https://t.co/HexHX4pAxH,1.1130216381556613e+18,BursaHaberdar,False,False,0.0,0.0,Unverified,"0.48665458,0.24332729,0.24332729,0.22909561,0.        ,0.        ,
 0.        ,0.        ,0.        ,0.        "
2021-07-26 7:53:00,1419566405620482053,2 doz Sinovac aÅŸÄ±sÄ±ndan sonra babam beyinde kan pÄ±htÄ±sÄ± tanÄ±sÄ±yla yoÄŸun bakÄ±mdaâ€¦eÅŸim 39 derece ateÅŸ ile evde yatÄ±yor. Annem iÃ§in endiÅŸelenmeye baÅŸladÄ±m. 3. doz Biontech olmalarÄ±nÄ± engellemiÅŸtimâ€¦ABV aÅŸÄ±nÄ±zÄ±n da sizin deâ€¦ğŸ¤¬ #aÅŸÄ±maÄŸdurlarÄ± #plandemi #23MilyonKisiHeryerde,,https:\twitter.com\fvuralan\status\1419566405620482053,"aÅŸÄ±maÄŸdurlarÄ±, plandemi, 23MilyonKisiHeryerde",,1.3608989299703235e+18,fvuralan,False,False,16.0,40.0,Unverified,"0.28765271,0.19445963,0.19445963,0.19445963,0.17965035,0.17965035,
 0.17965035,0.16914299,0.16099286,0.14870348"
2021-07-26 7:49:25,1419565504495300610,Hani aÅŸÄ± olanlar da vaka olmuyordu ? Ä°ngiltere ve Ä°srail'de vakalar yeniden patladÄ±. HiÃ§ kimse aÅŸÄ±yÄ± zorunlu yapmayÄ± aklÄ±ndan bile geÃ§irmesin. AÅŸÄ±ya dayatanlara da seÃ§imde gÃ¼zel cevabÄ±mÄ±z olacak . Kobay deÄŸiliz! #ASIKAMPANYASI #asÄ±maÄŸdurlarÄ± #PcrBalonuPATLADI,,https:\twitter.com\ekremcelikiz\status\1419565504495300610,"ASIKAMPANYASI, asÄ±maÄŸdurlarÄ±, PcrBalonuPATLADI",,3320725864.0,ekremcelikiz,False,False,1.0,2.0,Misinformative,"0.20814421,0.20814421,0.20814421,0.20814421,0.20814421,0.19229276,
 0.19229276,0.19229276,0.18104598,0.18104598"
2021-07-26 5:47:28,1419534815838281731,"#asÄ±maÄŸdurlarÄ± dernek kurun, toplanÄ±n gelin Destek olalÄ±m #23MilyonKisiHeryerde  #sokaknobetcileri",,https:\twitter.com\ebahar59\status\1419534815838281731,"asÄ±maÄŸdurlarÄ±, 23MilyonKisiHeryerde, sokaknobetcileri",,1.4025344824822456e+18,ebahar59,False,False,0.0,1.0,Unverified,"0.37737099,0.        ,0.        ,0.        ,0.        ,0.        ,
 0.        ,0.        ,0.        "
2021-07-26 5:21:37,1419528311437463552,Bu kadar zamandÄ±r kansere Ã§Ã¶zÃ¼m bulamayan TIP 6 ayda corona'ya aÅŸÄ± buldu. BÄ°RÄ° BENÄ° Ä°NANDIRSIN.. #asÄ±maÄŸdurlarÄ±,,https:\twitter.com\orhankrkpnar3\status\1419528311437463552,asÄ±maÄŸdurlarÄ±,,1.4123898174181458e+18,orhankrkpnar3,False,False,0.0,0.0,Unverified,"0.29009509,0.29009509,0.26800258,0.1924678 ,0.08842289,0.        ,
 0.        ,0.        ,0.        ,0.        "
2021-07-26 4:05:24,1419509129417269251,"Mevcut aÅŸÄ± karÅŸÄ±tlarÄ±nÄ±n ortalama eÄŸitim seviyesi gÃ¶z Ã¶nÃ¼ne alÄ±ndÄ±ÄŸÄ±nda uzun bir Ã¶zet olsa da, durum en basit haliyle aÃ§Ä±klanmÄ±ÅŸ. Ellerinize saÄŸlÄ±k. #asÄ±maÄŸdurlarÄ± #asÄ±olmayacaÄŸÄ±m #asÄ±deÄŸilserikatil",,https:\twitter.com\z_bard\status\1419509129417269251,"asÄ±maÄŸdurlarÄ±, asÄ±olmayacaÄŸÄ±m, asÄ±deÄŸilserikatil",https://t.co/1Xq04ri42C,7.125575888487096e+17,z_bard,False,True,0.0,0.0,Unverified,"0.23474065,0.23474065,0.23474065,0.23474065,0.23474065,0.23474065,
 0.23474065,0.23474065,0.23474065,0.21686372"
2021-07-26 3:29:11,1419500014150242306,"Merak ettim, AÅŸÄ± Oldunuz mu? #aÅŸÄ± #asÄ±maÄŸdurlarÄ± #AsÄ±OlDiyarbakÄ±r #AsÄ±yÄ±BÄ±rakSanatÄ±naBak #asÄ±ol",,https:\twitter.com\ahmetgokmusic\status\1419500014150242306,"aÅŸÄ±, asÄ±maÄŸdurlarÄ±, AsÄ±OlDiyarbakÄ±r, AsÄ±yÄ±BÄ±rakSanatÄ±naBak, asÄ±ol",,9.553912092577546e+17,ahmetgokmusic,False,False,0.0,3.0,Unverified,"0.29067695,0.        ,0.        ,0.        ,0.        ,0.        ,
 0.        ,0.        "
2021-07-26 0:52:26,1419460567786479622,Yil 2009 Domuz Gribi Patlamis yine Mehmet Ceyhan baÅŸrolde Asi olmazsa olmaz diyor @drcetiner #25MilyonTakipleÅŸiyor #23MilyonKiÅŸiHeryerde #asÄ±deÄŸilserikatil #AsÄ±danZararGorenler #asÄ±maÄŸdurlarÄ± #asÄ±olmayacaÄŸÄ±m #AsÄ±DeÄŸilBiyolojikSilah #MaskeniCÄ±kar #AnneBanaMaskeTakma,,https:\twitter.com\SelinStarGunes\status\1419460567786479622,"25MilyonTakipleÅŸiyor, 23MilyonKiÅŸiHeryerde, asÄ±deÄŸilserikatil, AsÄ±danZararGorenler, asÄ±maÄŸdurlarÄ±, asÄ±olmayacaÄŸÄ±m, AsÄ±DeÄŸilBiyolojikSilah, MaskeniCÄ±kar, AnneBanaMaskeTakma",https://t.co/nr6pD999Lh,1.390864700813058e+18,SelinStarGunes,False,True,2.0,3.0,Informative,"0.22363593,0.        ,0.        ,0.        ,0.        ,0.        ,
 0.        ,0.        ,0.        ,0.        "
2021-07-25 22:15:57,1419421186786799621,UYAN EY Ä°NSANLIK UYAN #23MilyonHerYerde #23MilyonKisiHeryerde #asÄ±maÄŸdurlarÄ±,,https:\twitter.com\haber_okuyorum1\status\1419421186786799621,"23MilyonHerYerde, 23MilyonKisiHeryerde, asÄ±maÄŸdurlarÄ±",https://t.co/hq98QRg1eZ,1.4047320244103168e+18,haber_okuyorum1,False,True,3.0,3.0,Unverified,"0.,0.,0.,0.,0.,0."
2021-07-25 22:15:12,1419420999418777608,Hangi mevsimde doÄŸdun? #mevsim #askÄ±memnu #avcilar #cerkezkoy #kpss #yks2021 #kpss2021 #23MilyonKisiHeryerde #asÄ±maÄŸdurlarÄ± #Tokyo2020 #Turkiye #asÄ±dan #yaz #kÄ±ÅŸ #ilkbahar #sonbahar #tatil #SONDAKÄ°KA #BizimCocuklar,,https:\twitter.com\Anketspor_00\status\1419420999418777608,"mevsim, askÄ±memnu, avcilar, cerkezkoy, kpss, yks2021, kpss2021, 23MilyonKisiHeryerde, asÄ±maÄŸdurlarÄ±, Tokyo2020, Turkiye, asÄ±dan, yaz, kÄ±ÅŸ, ilkbahar, sonbahar, tatil, SONDAKÄ°KA, BizimCocuklar",,1.419341646680965e+18,Anketspor_00,False,False,0.0,0.0,Unverified,"0.24195101,0.21045148,0.21045148,0.        ,0.        ,0.        ,
 0.        ,0.        ,0.        ,0.        "
2021-07-25 22:14:31,1419420828194811904,GÃ¼nÃ¼mÃ¼zde #aÅŸÄ± dedikleri sÄ±vÄ± bakÄ±nÄ±z ne zamandan geliyor. Ve virÃ¼s dedikleri olay nedir? Detaylar #CananKaratay hocada. #maskeniÃ§Ä±kar #annemaskemÄ±cÄ±kar #asÄ±maÄŸdurlarÄ±,,https:\twitter.com\HasanH_Dr\status\1419420828194811904,"aÅŸÄ±, CananKaratay, maskeniÃ§Ä±kar, annemaskemÄ±cÄ±kar, asÄ±maÄŸdurlarÄ±",https://t.co/KxBO6vPDbM,7.5586588760175e+17,HasanH_Dr,False,True,8.0,3.0,Unverified,"0.22811838,0.22811838,0.20442726,0.07526378,0.        ,0.        ,
 0.        ,0.        ,0.        ,0.        "
2021-07-25 22:04:36,1419418331925340160,AÅŸÄ± oldunuz mu? #AÅŸÄ± #asÄ±maÄŸdurlarÄ± #AsÄ±yÄ±BÄ±rakSanatÄ±naBak #kpss #yks2021 #kpss2021 #Turkiye #asÄ±dan #BÄ±rakmamSeniOrtak #Tokyo2020 #23MilyonKisiHeryerde #Sinovac #BitmeyenMisafirlikOLMAZ #AsÄ±OlDiyarbakÄ±r #AsÄ±KartÄ±Zulumdur,,https:\twitter.com\Anketspor_00\status\1419418331925340160,"AÅŸÄ±, asÄ±maÄŸdurlarÄ±, AsÄ±yÄ±BÄ±rakSanatÄ±naBak, kpss, yks2021, kpss2021, Turkiye, asÄ±dan, BÄ±rakmamSeniOrtak, Tokyo2020, 23MilyonKisiHeryerde, Sinovac, BitmeyenMisafirlikOLMAZ, AsÄ±OlDiyarbakÄ±r, AsÄ±KartÄ±Zulumdur",,1.419341646680965e+18,Anketspor_00,False,False,0.0,2.0,Unverified,"0.25215574,0.20101641,0.        ,0.        ,0.        ,0.        ,
 0.        ,0.        ,0.        ,0.        "
2021-07-25 21:57:28,1419416535093977089,"Sadece bir tanesini kullanabilirsin, hangisi? #instagram #WhatsApp #Twitter #Facebook #kpss2021 #kpss #yks2021 #23MilyonKisiHeryerde #Turkiye #SONDAKÄ°KA #askÄ±memnu #AsÄ±yÄ±BÄ±rakSanatÄ±naBak #BitmeyenMisafirlikOLMAZ #asÄ±maÄŸdurlarÄ± #AsÄ±KartÄ±Zulumdur #asÄ±dan #cerkezkoy #Tokyo2020",,https:\twitter.com\Anketspor_00\status\1419416535093977089,"instagram, WhatsApp, Twitter, Facebook, kpss2021, kpss, yks2021, 23MilyonKisiHeryerde, Turkiye, SONDAKÄ°KA, askÄ±memnu, AsÄ±yÄ±BÄ±rakSanatÄ±naBak, BitmeyenMisafirlikOLMAZ, asÄ±maÄŸdurlarÄ±, AsÄ±KartÄ±Zulumdur, asÄ±dan, cerkezkoy, Tokyo2020",,1.419341646680965e+18,Anketspor_00,False,False,0.0,0.0,Unverified,"0.24315878,0.24315878,0.192984  ,0.12780608,0.        ,0.        ,
 0.        ,0.        ,0.        ,0.        "
2021-07-25 21:49:55,1419414637611728903,AÅŸÄ± karÅŸÄ±tlarÄ± bu size Ã¶zel bir duyuru Acil aÅŸÄ± yaptÄ±rÄ±n Yoksa Ã¶leceksiniz Mal mÄ±sÄ±nÄ±z oÄŸlum #aÅŸÄ± #asÄ±maÄŸdurlarÄ±,,https:\twitter.com\zuhuratbaba_\status\1419414637611728903,"aÅŸÄ±, asÄ±maÄŸdurlarÄ±",,278133362.0,zuhuratbaba_,False,False,0.0,0.0,Unverified,"0.29280112,0.29280112,0.26774313,0.15389846,0.        ,0.        ,
 0.        ,0.        ,0.        ,0.        "
2021-07-25 21:32:23,1419410225761820682,Sizce #TÃ¼rkiye #Tokyo2020 de kaÃ§ madalya kazanÄ±r? #ORKÄ°DVAR #AsÄ±OlDiyarbakÄ±r #picemiyeti #DidemMadak #asÄ±maÄŸdurlarÄ± #yks2021 #kpss2021 #kpss #Survivor2021 #asÄ±dan #multecilerehayir #AsÄ±yÄ±BÄ±rakSanatÄ±naBak #BizimCocuklar #BizimkÄ±zlar,,https:\twitter.com\Anketspor_00\status\1419410225761820682,"TÃ¼rkiye, Tokyo2020, ORKÄ°DVAR, AsÄ±OlDiyarbakÄ±r, picemiyeti, DidemMadak, asÄ±maÄŸdurlarÄ±, yks2021, kpss2021, kpss, Survivor2021, asÄ±dan, multecilerehayir, AsÄ±yÄ±BÄ±rakSanatÄ±naBak, BizimCocuklar, BizimkÄ±zlar",,1.419341646680965e+18,Anketspor_00,False,False,0.0,1.0,Unverified,"0.23802795,0.        ,0.        ,0.        ,0.        ,0.        ,
 0.        ,0.        ,0.        ,0.        "
2021-07-25 21:19:27,1419406971124465664,Tatil iÃ§in bir fÄ±rsat yakaladÄ±n nereye giderdin? #ORKÄ°DVAR #AsÄ±OlDiyarbakÄ±r #picemiyeti #SONDAKÄ°KA #yks2021 #kpss2021 #kpss #tatil #Turkiye #DidemMadak #asÄ±maÄŸdurlarÄ± #BitmeyenMisafirlikOLMAZ,,https:\twitter.com\Anketspor_00\status\1419406971124465664,"ORKÄ°DVAR, AsÄ±OlDiyarbakÄ±r, picemiyeti, SONDAKÄ°KA, yks2021, kpss2021, kpss, tatil, Turkiye, DidemMadak, asÄ±maÄŸdurlarÄ±, BitmeyenMisafirlikOLMAZ",,1.419341646680965e+18,Anketspor_00,False,False,0.0,1.0,Unverified,"0.26078104,0.13706847,0.        ,0.        ,0.        ,0.        ,
 0.        ,0.        ,0.        ,0.        "
2021-07-25 21:11:20,1419404927227604995,Ã‡ok yorgunsun eve geldin birsÃ¼rÃ¼ misafir ne yaparsÄ±n? #DidemMadak #SONDAKÄ°KA #yks2021 #kpss #kpss2021 #ÃœlkemdeSÄ±ÄŸÄ±nmacÄ±Ä°stemiyorum #picemiyeti #Turkiye #asÄ±maÄŸdurlarÄ± #multecilerehayir #Survivor2021,,https:\twitter.com\Anketspor_00\status\1419404927227604995,"DidemMadak, SONDAKÄ°KA, yks2021, kpss, kpss2021, ÃœlkemdeSÄ±ÄŸÄ±nmacÄ±Ä°stemiyorum, picemiyeti, Turkiye, asÄ±maÄŸdurlarÄ±, multecilerehayir, Survivor2021",,1.419341646680965e+18,Anketspor_00,False,False,0.0,1.0,Unverified,"0.26255376,0.22837196,0.        ,0.        ,0.        ,0.        ,
 0.        ,0.        ,0.        ,0.        "
2021-07-25 21:06:53,1419403807587450889,"Ruhsati olmayan, yan etkileri belirsiz, uretenin bile sorumluluk kabul etmedigi asiyi olmayanlara 'asi karsiti' damgasi vuramazsiniz! Ben AÅI KARÅITI DEÄÄ°LÄ°M! Ama; Ã¼retenin bile sorumluluk almadigi bu aÅŸÄ±yÄ± OLMAM! Anlatabildim mi? #asÄ±dan #asÄ±maÄŸdurlarÄ±",,https:\twitter.com\salvatormundiCA\status\1419403807587450889,"asÄ±dan, asÄ±maÄŸdurlarÄ±",,1.0964937614613955e+18,salvatormundiCA,False,False,1.0,5.0,Misinformative,"0.28755042,0.18801493,0.17369645,0.17369645,0.17369645,0.15565729,
 0.14921884,0.13905972,0.13117969,0.        "
2021-07-25 20:55:54,1419401044988153862,"AÅŸÄ± meselesi bu kadar bÃ¼yÃ¼tÃ¼lmemelidir, SonuÃ§ta her insan kendi ÅŸahsi hÃ¼r irade ile Ã–ZGÃœRDÃœR. #asÄ±maÄŸdurlarÄ± #23MilyonKiÅŸiHeryerde",,https:\twitter.com\recepbey44\status\1419401044988153862,"asÄ±maÄŸdurlarÄ±, 23MilyonKiÅŸiHeryerde",,1.3860716233048965e+18,recepbey44,False,False,0.0,1.0,Unverified,"0.31155036,0.20670262,0.0949626 ,0.        ,0.        ,0.        ,
 0.        ,0.        ,0.        ,0.        "
2021-07-25 20:33:16,1419395347391057923,AÅŸÄ± olmayan insanlara hiÃ§ bir lafÄ±m yok ama aÅŸÄ±yÄ± bir paradigma ile reddetmek saÄŸlam gerizekalÄ±lÄ±k gerektiriyor hem de Ã¶yle genetik falan yetmez. genetik+tercih+evrimde geri kalmÄ±ÅŸlÄ±k lazÄ±m #asÄ±maÄŸdurlarÄ± #AsÄ±OlDiyarbakÄ±r #asÄ±olmayacaÄŸÄ±m,,https:\twitter.com\iqlessrick\status\1419395347391057923,"asÄ±maÄŸdurlarÄ±, AsÄ±OlDiyarbakÄ±r, asÄ±olmayacaÄŸÄ±m",,1.2453144975999345e+18,iqlessrick,False,False,0.0,1.0,Unverified,"0.42143507,0.22150943,0.21071754,0.21071754,0.21071754,0.19467011,
 0.19467011,0.16723686,0.1470195 ,0.13980361"
2021-07-25 20:23:20,1419392848315695105,Siz istediniz aÅŸÄ± olmayanlar hazÄ±rlÄ±klÄ± olun !!!!!!!! #AsÄ±OlDiyarbakÄ±r #asÄ±dan #picemiyeti #asÄ±maÄŸdurlarÄ± #NeOluyor,,https:\twitter.com\Bilimkurulubk\status\1419392848315695105,"AsÄ±OlDiyarbakÄ±r, asÄ±dan, picemiyeti, asÄ±maÄŸdurlarÄ±, NeOluyor",https://t.co/XXfYuVHfyH,1.3168446500791624e+18,Bilimkurulubk,False,True,0.0,0.0,Unverified,"0.32520739,0.31334354,0.1248974 ,0.        ,0.        ,0.        ,
 0.        ,0.        ,0.        ,0.        "
2021-07-25 19:55:56,1419385953316134922,Bu iÅŸi bilen saÄŸlÄ±kÃ§Ä±lara soruyorum Covid19 geÃ§irmiÅŸ birisinden plazma alÄ±p uygulanÄ±yordu antikor tedavisinde ama ÅŸimdi aÅŸÄ± olanlardan baÅŸka hastalara kan verilmesi istenmiyor aÅŸÄ± antikor Ã¼retiyorsa beden aÅŸÄ± olandan kan alÄ±nmÄ±yor ama hastalÄ±k geÃ§irenden alÄ±nÄ±yor? #asÄ±maÄŸdurlarÄ±,,https:\twitter.com\sadeCHE_faruk\status\1419385953316134922,asÄ±maÄŸdurlarÄ±,,1.2924453702624625e+18,sadeCHE_faruk,False,False,0.0,0.0,Unverified,"0.35892091,0.3315869 ,0.17946046,0.17946046,0.17946046,0.16579345,
 0.16579345,0.16410219,0.11636765,0.        "
2021-07-25 19:33:40,1419380348308295685,"Bu topraklarÄ±n sahipleri Mehmet Ceyhan gibi ekran bÃ¼yÃ¼cÃ¼lerinin kÃ¶kÃ¼nÃ¼ kazÄ±yacaktÄ±r. RuhsatsÄ±z #asÄ±maÄŸdurlarÄ± herÅŸeye raÄŸmen bizim insanlarÄ±mÄ±z, eline sertifika alan profÃ§uluk oynar oldu. KaÄŸÄ±ttan putlarÄ±nÄ±zÄ± tanÄ±mÄ±yoruz! Islah ediciler olamayacaksÄ±nÄ±z. #23MilyonKisiHeryerde https://t.co/vyv9yLWRDl",,https:\twitter.com\okms60131022\status\1419380348308295685,"asÄ±maÄŸdurlarÄ±, 23MilyonKisiHeryerde",,1.242937470049796e+18,okms60131022,False,False,0.0,1.0,Unverified,"0.19748949,0.19748949,0.18244946,0.18244946,0.15102041,0.        ,
 0.        ,0.        ,0.        ,0.        "
2021-07-25 19:31:35,1419379822292258816,"Millet aÅŸÄ± oluyor Ama vakalar artÄ±yor, DÃ¼ÅŸÃ¼nÃ¼yorum'da aÅŸÄ± niye yapÄ±lÄ±yor bu insanlar ?? #sehidimizvar #asÄ±maÄŸdurlarÄ± #asÄ±olmayacaÄŸÄ±m",,https:\twitter.com\reisoglu_54\status\1419379822292258816,"sehidimizvar, asÄ±maÄŸdurlarÄ±, asÄ±olmayacaÄŸÄ±m",,1.2365772271370404e+18,reisoglu_54,False,False,2.0,22.0,Unverified,"0.35581403,0.32871663,0.32871663,0.30949071,0.29457794,0.21690892,
 0.        ,0.        ,0.        ,0.        "
2021-07-25 18:41:50,1419367305994244105,Helal olsun hepsine selam olsun ğŸ‘ğŸ‘ğŸ‘ #asÄ±maÄŸdurlarÄ±,,https:\twitter.com\adam_kulp\status\1419367305994244105,asÄ±maÄŸdurlarÄ±,https://t.co/9MdvM54ZeZ,1.2255176677396767e+18,adam_kulp,False,True,0.0,4.0,Unverified,"0.68162114,0.        ,0.        ,0.        ,0.        "
2021-07-25 17:53:02,1419355022555586560,Bill Gates'in fonladÄ±ÄŸÄ± Amerika'da ki Cincinnati hastahanesinde bir mÃ¼ddet Ã§alÄ±ÅŸan Mehmet Ceyhan'Ä±n kolundaki bileklikten daha Ã¶nce hiÃ§bir doktorda gÃ¶rmemiÅŸtim ne ifade ediyor acaba ? ğŸ˜€ #Covid_19 #mehmetceyhan #asÄ±maÄŸdurlarÄ± #AsÄ±DeÄŸilBiyolojikSilah https://t.co/262AmQMnj0,,https:\twitter.com\68atlantis68\status\1419355022555586560,"Covid_19, mehmetceyhan, asÄ±maÄŸdurlarÄ±, AsÄ±DeÄŸilBiyolojikSilah",,1.1820462016062177e+18,68atlantis68,False,False,0.0,0.0,Misinformative,"0.21368972,0.21368972,0.19741594,0.19741594,0.18586952,0.18586952,
 0.18586952,0.17691342,0.11231692,0.        "
2021-07-25 17:39:35,1419351637370589186,hedef tekrar insanlarÄ± korkutup yasaklar grtirmek!kÃ¼Ã§Ã¼k esnafÄ± bitirip insanlarÄ± tamamen kontrol altÄ±na almak! #GeceyeNotum #SizlereOyMoyYok #ZorlamaFahrettinKoca #BitmeyenMisafirlikOLMAZ #asÄ±maÄŸdurlarÄ±,,https:\twitter.com\erdemkiev\status\1419351637370589186,"GeceyeNotum, SizlereOyMoyYok, ZorlamaFahrettinKoca, BitmeyenMisafirlikOLMAZ, asÄ±maÄŸdurlarÄ±",,2241598398.0,erdemkiev,False,False,0.0,0.0,Misinformative,"0.42489413,0.22995991,0.22995991,0.22995991,0.22995991,0.22995991,
 0.21244707,0.21244707,0.        ,0.        "
2021-07-25 17:14:39,1419345363715174404,"AÅŸÄ±(!) severlere mÃ¼jde! Yenisi Ã§Ä±kacakmÄ±ÅŸ, hemen olunğŸ˜‚ğŸ˜‚ÅanslÄ± kÃ¶ftehorlar sizi, yÄ±l iÃ§inde birsÃ¼rÃ¼ seÃ§enekğŸ¤­ğŸ¤­ #asÄ±maÄŸdurlarÄ± #asÄ±ol #biontech #Covid_19",,https:\twitter.com\metinturgut_TR\status\1419345363715174404,"asÄ±maÄŸdurlarÄ±, asÄ±ol, biontech, Covid_19",https://t.co/PGu49T2YlZ,1.0644828715896545e+18,metinturgut_TR,False,True,0.0,0.0,Unverified,"0.2734305 ,0.2526071 ,0.23783267,0.23783267,0.20909258,0.20223484,
 0.08334342,0.        ,0.        ,0.        "
2021-07-25 16:54:23,1419340265299513344,Ã‡ok net bi ÅŸekilde bana nasÄ±l gelinirse Ã¶yle biriyimâ€¦ Bana kÃ¶tÃ¼ diyorsanÄ±z muhtemelen kÃ¶tÃ¼ olan sizsinizdir. AYNA olanÄ± YansÄ±tÄ±r Ä°ÅŸte o AYNA Benâ€™im. (!) ğŸ˜ğŸ‘‡ğŸ¼ #asÄ±maÄŸdurlarÄ± #AsÄ±yÄ±BÄ±rakSanatÄ±naBak #BitmeyenMisafirlikOLMAZ #NeOluyor #AYÅEGÃœLERGÄ°N ğŸŒ¹â¤ï¸â€ğŸ”¥ https://t.co/tripOsj69x,,https:\twitter.com\aysegulerginnlp\status\1419340265299513344,"asÄ±maÄŸdurlarÄ±, AsÄ±yÄ±BÄ±rakSanatÄ±naBak, BitmeyenMisafirlikOLMAZ, NeOluyor, AYÅEGÃœLERGÄ°N",,7.508275852868608e+17,aysegulerginnlp,False,False,3.0,26.0,Unverified,"0.34072094,0.18440395,0.18440395,0.18440395,0.17036047,0.13638897,
 0.13638897,0.        ,0.        ,0.        "
2021-07-25 16:48:01,1419338660143632386,Bu bugÃ¼n gÃ¶rdÃ¼ÄŸÃ¼m ikinci olay... #asÄ±maÄŸdurlarÄ±,,https:\twitter.com\Maximus75215859\status\1419338660143632386a,asÄ±maÄŸdurlarÄ±,https://t.co/uYgqJn3nNl,1.220743500377002e+18,Maximus75215859,False,True,1.0,0.0,Unverified,"0.49703203,0.46796171,0.44541303,0.        ,0.        "
2021-07-25 16:28:26,1419333733933621248,AÅŸÄ± olmadan Ã¶nce bu videoyu izleyin! @cankemalozer hocamÄ±z gayet net operasyonu izah etmiÅŸ! #Covid_19 #asÄ±maÄŸdurlarÄ± Åeytani planlarÄ± yapanlarÄ± yakÄ±ndan tanÄ±yÄ±n ve tÃ¼rkiyede ki paravanlarÄ±nÄ± gÃ¶rÃ¼n!,,https:\twitter.com\kutluzafer1453\status\1419333733933621248,"Covid_19, asÄ±maÄŸdurlarÄ±",https://t.co/dwIwvXrqk9,1.3190425649269023e+18,kutluzafer1453,False,False,0.0,1.0,Misinformative,"0.21285121,0.21285121,0.19074566,0.07022663,0.        ,0.        ,
 0.        ,0.        ,0.        ,0.        "
2021-07-25 16:24:19,1419332697307107328,Halk isteyince kÄ±sÄ±tlama gelmiyor devlet isteyince kÄ±sÄ±tla geliyor ben ÅŸuan kÄ±sÄ±tlama istiyorum vakalar arttÄ± madem heryeri kapatÄ±n plajÄ± aÃ§mak ne demektir ya dalga geÃ§iyorsunuz aÅŸÄ± olun diyorsunuz #asÄ±maÄŸdurlarÄ± #kÄ±sÄ±tlama #AKParti #ChpMilliGuevenlikSorunudur #SonYaz,,https:\twitter.com\SucluVeKbahatli\status\1419332697307107328,"asÄ±maÄŸdurlarÄ±, kÄ±sÄ±tlama, AKParti, ChpMilliGuevenlikSorunudur, SonYaz",,1.384212558605734e+18,SucluVeKbahatli,False,False,0.0,0.0,Unverified,"0.17454242,0.16124996,0.1518188 ,0.1518188 ,0.14450343,0.13347277,
 0.12909518,0.05320168,0.        ,0.        "
2021-07-25 16:18:47,1419331302940098565,Ne Ã§ok aÅŸÄ± sevdalÄ±sÄ± oldunuz allahÄ±n cezalarÄ± aÅŸÄ± olan kimi gÃ¶rsem halim yok firmanÄ±n yok hemen yoruluyorum diyolar kafayÄ± yemiÅŸsiniz #asÄ±maÄŸdurlarÄ± #asÄ±yahayÄ±r #aÅŸÄ±Ã¶lÃ¼mdÃ¼r,,https:\twitter.com\SucluVeKbahatli\status\1419331302940098565,"asÄ±maÄŸdurlarÄ±, asÄ±yahayÄ±r, aÅŸÄ±Ã¶lÃ¼mdÃ¼r",,1.384212558605734e+18,SucluVeKbahatli,False,False,0.0,0.0,Unverified,"0.31971656,0.2095762 ,0.17820769,0.14688308,0.        ,0.        ,
 0.        ,0.        ,0.        ,0.        "
"""2021-07-26 16:35:14""",1419697830701289476,Buradan ashÄ± maÄŸdur/Ã¶lÃ¼m sayÄ±larÄ±nÄ± takip edebilirsiniz. 400.000 Ã¼stÃ¼nde rakamlar #asÄ±maÄŸdurlarÄ± #AsÄ±KartÄ±Zuluemduer,,https:\twitter.com\sevtapturko\status\1419697830701289476,"asÄ±maÄŸdurlarÄ±, AsÄ±KartÄ±Zuluemduer",https://t.co/AGQ9qArFrI,48062822.0,sevtapturko,False,False,0.0,0.0,Informative,"0.29610627,0.29610627,0.27355598,0.24514597,0.        ,0.        ,
 0.        ,0.        ,0.        ,0.        "
2021-07-25 6:22:18,1419181192268722180,En iyi cozum olmasa da cozumdur. #asiyasatir #asidandir Ä°talya'da Covid sertifikasÄ± ÅŸartÄ±nÄ±n ardÄ±ndan aÅŸÄ± randevularÄ±nda patlama yaÅŸandÄ±,,https:\twitter.com\ozangndz\status\1419181192268722180,"asiyasatir, asidandir",https://t.co/54nMrM7UKL,78054312.0,ozangndz,False,False,0.0,0.0,Informative,"0.27583557,0.27583557,0.27583557,0.25482901,0.23992462,0.18300712,
 0.0840765 ,0.        ,0.        ,0.        "
2021-07-24 22:28:40,1419062000181813249,"GerÃ§ekten anlam veremiyorum, aÅŸÄ± karÅŸÄ±tlÄ±ÄŸÄ± yapÄ±yorlar bir sÃ¼re sonra Covidâ€™e yakalanÄ±yorlar Ã¶lÃ¼p gidiyorlar. En iyi siz siz olun aÅŸÄ±nÄ±zÄ± yapÄ±n. #AÅŸÄ±YaÅŸatÄ±r.",,https:\twitter.com\av_yaman\status\1419062000181813249,AÅŸÄ±YaÅŸatÄ±r,,2546639100.0,av_yaman,False,False,0.0,2.0,Unverified,"0.26889083,0.26889083,0.23388402,0.23388402,0.20562109,0.17839953,
 0.17839953,0.14133103,0.08195969,0.        "
2021-07-23 18:48:45,1418644269368287240,"DeÄŸerli TakipÃ§iler, aÅŸÄ± karÅŸÄ±tÄ± sÃ¶ylemlere lÃ¼tfen aldÄ±rmayÄ±n. Sadece ÅŸunu dÃ¼ÅŸÃ¼nÃ¼n:  Bu yaÅŸÄ±nÄ±za gelene kadar onlarca aÅŸÄ± oldunuz, bu sayede siz ve sevdiklerinizin Ã§oÄŸu hayatta. #AÅŸÄ±YaÅŸatÄ±r #AÅŸÄ±OlDiyarbakÄ±r",,https:\twitter.com\MMT__21\status\1418644269368287240,"AÅŸÄ±YaÅŸatÄ±r, AÅŸÄ±OlDiyarbakÄ±r",,709074288.0,MMT__21,False,False,0.0,42.0,Informative,"0.23333176,0.20909921,0.20045024,0.16756872,0.15396769,0.        ,
 0.        ,0.        ,0.        ,0.        "
2021-07-23 13:51:51,1418569552594673669,"DeÄŸerli TakipÃ§iler, aÅŸÄ± karÅŸÄ±tÄ± sÃ¶ylemlere lÃ¼tfen aldÄ±rmayÄ±n. Sadece ÅŸunu dÃ¼ÅŸÃ¼nÃ¼n:  Bu yaÅŸÄ±nÄ±za gelene kadar onlarca aÅŸÄ± oldunuz, bu sayede siz ve sevdiklerinizin Ã§oÄŸu hayatta. #aÅŸÄ±yaÅŸatÄ±r #asÄ±ol #aÅŸÄ±",,https:\twitter.com\spinesurgeon3\status\1418569552594673669,"aÅŸÄ±yaÅŸatÄ±r, asÄ±ol, aÅŸÄ±",,1151125826.0,spinesurgeon3,False,False,13.0,191.0,Informative,"0.23522308,0.23282356,0.21079411,0.20207504,0.16892699,0.        ,
 0.        ,0.        ,0.        ,0.        "
2021-07-22 13:48:29,1418206314488946697,"Bu aÃ§Ä±klamayÄ± yapmak zorunda bÄ±raktÄ±klarÄ±na gÃ¶re.. Ciddi ciddi inananlar olmuÅŸ.. Yok yok.. BaÅŸka Ã¼lkede yaÅŸayamayÄ±z.. Bu kadar anormallikten sonra.. Normallik zehirler bizi.. Allah akÄ±l versin.. YanÄ±nada fikri, promosyon.. #AÅŸÄ±YaÅŸatÄ±r #AÅŸÄ±Olun https://t.co/vJ5zmgtg61",,https:\twitter.com\ilay_ozsnr\status\1418206314488946697,"AÅŸÄ±YaÅŸatÄ±r, AÅŸÄ±Olun",,584202680.0,ilay_ozsnr,False,False,0.0,2.0,Informative,"0.36988474,0.24540541,0.18494237,0.18494237,0.18494237,0.17085788,
 0.1227027 ,0.1227027 ,0.        ,0.        "
"""2021-07-26 06:52:01""",1419551059421372418,"SaÄŸlÄ±klÄ±, huzurlu ve bol aÅŸÄ±lÄ± bir haftamÄ±z olsun.ğŸ˜ KoronavirÃ¼sÃ¼ durudurabileceÄŸimiz en etkili yÃ¶ntem aÅŸÄ± olmak. Kendimizi, sevdiklerimizi ve baÅŸka insanlarÄ±n saÄŸlÄ±ÄŸÄ±nÄ± tehlikeye atmayalÄ±m... AÅŸÄ± olalÄ±m ! #aÅŸÄ±ol #aÅŸÄ±yaÅŸatÄ±r #mide #safrakesesi #midecerrahisi https://t.co/jULJ8doq3D",,https:\twitter.com\profdrsinaners1\status\1419551059421372418,"aÅŸÄ±ol, aÅŸÄ±yaÅŸatÄ±r, mide, safrakesesi, midecerrahisi",,1.0448345620927939e+18,profdrsinaners1,False,False,0.0,5.0,Informative,"0.20948414,0.20948414,0.20948414,0.18221147,0.17343163,0.14615895,
 0.12770429,0.11010644,0.        ,0.        "
2021-07-26 16:15:48,1419692943389208577,Prof .dr.Cemil TaÅŸcÄ±oÄŸlu ÅŸehir has. 1 doz aÅŸÄ±mÄ±zÄ± olduk . HayÄ±rlÄ± osun . #aÅŸÄ±ol #aÅŸÄ±sorumluluktur https://t.co/RvfItYdZnh,,https:\twitter.com\suatolgun13\status\1419692943389208577,"aÅŸÄ±ol, aÅŸÄ±sorumluluktur",,1.1250472442002637e+18,suatolgun13,False,False,1.0,42.0,Unverified,"0.28913345,0.28913345,0.25149125,0.22947198,0.21384906,0.        ,
 0.        ,0.        ,0.        ,0.        "
2021-07-26 16:13:11,1419692283138650113,"AÅŸÄ± olmayanlar sokaÄŸa Ã§Ä±kmasÄ±n, kapalÄ± mekanlara girmesin, dÃ¼ÄŸÃ¼n, toplantÄ± gibi kalabalÄ±k etkinliklere katÄ±lmasÄ±n, toplu taÅŸÄ±maya binemesin, avmlere giremesin. Hafta sonu evde kalsÄ±n. Bu salgÄ±n artÄ±k onlarÄ±n salgÄ±nÄ± #aÅŸÄ±ol #aÅŸÄ±olmayansokaÄŸaÃ§Ä±kmasÄ±n #aÅŸÄ±yoksasokakdayok",,https:\twitter.com\omurenes06\status\1419692283138650113,"aÅŸÄ±ol, aÅŸÄ±olmayansokaÄŸaÃ§Ä±kmasÄ±n, aÅŸÄ±yoksasokakdayok",,8.770712983037993e+17,omurenes06,False,False,0.0,1.0,Unverified,"0.2013459 ,0.2013459 ,0.2013459 ,0.2013459 ,0.2013459 ,0.18601219,
 0.18601219,0.17513274,0.16669399,0.15979903"
2021-07-26 16:13:00,1419692236497952773,"AÅŸÄ± olanlara 250 TL'lik BÄ°M alÄ±sveris kartÄ± ver bakalÄ±m,karÅŸÄ±tlarÄ± o zaman gÃ¶rÃ¼rÃ¼m ben. Zaten buna tav olmayanlar olarak hepimiz aÅŸÄ±mÄ±zÄ± olduk.#iyibilgi #aÅŸÄ±ol",,https:\twitter.com\OzLeWm\status\1419692236497952773,"iyibilgi, aÅŸÄ±ol",,312190755.0,OzLeWm,False,False,0.0,2.0,Unverified,"0.22645693,0.22645693,0.22645693,0.22645693,0.20921086,0.19697457,
 0.19697457,0.1797285 ,0.16749221,0.06902556"
2021-07-26 16:12:59,1419692233478049800,AÅŸÄ± konusunda Ã¶zellikle genÃ§lerde bir Ã§ekince var. Benim sorduklarÄ±m ; Ã§ocuklarÄ±nÄ±n olmayacaÄŸÄ±nÄ± ya da o konuda sÄ±kÄ±ntÄ± yaÅŸayacaÄŸÄ±na inanmÄ±ÅŸ. Bence bu yÃ¶nde aydÄ±nlatÄ±cÄ± aÃ§Ä±klamalar yapÄ±lmalÄ±. @saglikbakanligi #AÅŸÄ±Ol,,https:\twitter.com\aylin_kotil\status\1419692233478049800,AÅŸÄ±Ol,,534162244.0,aylin_kotil,True,False,3.0,43.0,Unverified,"0.23347734,0.23347734,0.23347734,0.23347734,0.21569662,0.16751956,
 0.12271744,0.07116543,0.        ,0.        "
2021-07-26 16:10:35,1419691628042891271,YakÄ±nda hayatÄ±mÄ±za aÅŸÄ± kartÄ± girecek gibi gÃ¶zÃ¼kÃ¼yor. Gelen 4.dalgada aÅŸÄ± kartÄ± olmayan sosyal hayata pek katÄ±lamayacak gibi... ( AÅŸÄ± kartÄ±nÄ± e-nabÄ±z sistemi Ã¼zerinden alabiliyorsunuz. ) #asÄ±ol #enabÄ±z https://t.co/DVtRW05uAc,,https:\twitter.com\SevketOzgun\status\1419691628042891271,"asÄ±ol, enabÄ±z",,1.0652943896338514e+18,SevketOzgun,False,False,0.0,0.0,Informative,"0.3741416 ,0.2150708 ,0.2150708 ,0.2150708 ,0.2150708 ,0.2150708 ,
 0.2150708 ,0.2150708 ,0.19666499,0.17069185"
2021-07-26 16:09:08,1419691264996478978,Ãœlkemizin doÄŸu illerinde aÅŸÄ±lama sayÄ±sÄ± oldukÃ§a dÃ¼ÅŸÃ¼kmÃ¼ÅŸ.  Sebep; aÅŸÄ±nÄ±n kÄ±sÄ±rlÄ±k yaptÄ±ÄŸÄ±na inanÄ±lmasÄ± ğŸ¤¦ğŸ»â€â™€ï¸ Millet nasÄ±l aÅŸÄ± olacak? ğŸ¤¦ğŸ»â€â™€ï¸ğŸ˜’ #aÅŸÄ± #asÄ±ol,,https:\twitter.com\Endoplazmika\status\1419691264996478978,"aÅŸÄ±, asÄ±ol",,120093210.0,Endoplazmika,False,False,0.0,1.0,Informative,"0.27758254,0.27758254,0.25644294,0.24144415,0.22981019,0.22981019,
 0.21226765,0.16921797,0.        ,0.        "
2021-07-26 15:37:55,1419683408326893576,"AÅŸÄ± hayattÄ±r, hayatÄ± es geÃ§meyin. #aÅŸÄ±ol #asÄ±olun",,https:\twitter.com\DE24001\status\1419683408326893576,"aÅŸÄ±ol, asÄ±olun",https://t.co/9RRxcdYdGU,1.2316498897650033e+18,DE24001,False,True,0.0,2.0,Informative,"0.13416753,0.        ,0.        ,0.        ,0.        ,0.        ,
 0.        "
2021-07-26 15:37:47,1419683373463769097,#asÄ±ol un cahil kÃ¶pekler,,https:\twitter.com\dipcrypto2\status\1419683373463769097,asÄ±ol,,1.3793593640294973e+18,dipcrypto2,False,False,0.0,0.0,Unverified,"0.53415151,0.53415151,0.        ,0.        "
2021-07-26 15:21:05,1419679172729913346,LÃ¼tfen! #AÅŸÄ±Ol,,https:\twitter.com\halledemeyizonu\status\1419679172729913346,AÅŸÄ±Ol,,1879781653.0,halledemeyizonu,False,False,0.0,0.0,Unverified,"0.,0."
2021-07-26 14:58:53,1419673586076426245,Åuan hastanelerin bÃ¼tÃ¼n yoÄŸunluÄŸunu aÅŸÄ±sÄ±z covid hastalarÄ±nÄ±n oluÅŸturduÄŸunu unutmayalÄ±m..!! #asÄ±ol,,https:\twitter.com\Felixx001\status\1419673586076426245,asÄ±ol,,1.1039860585874555e+18,Felixx001,False,False,0.0,0.0,Informative,"0.34946855,0.3228544 ,0.30397135,0.23185999,0.        ,0.        ,
 0.        ,0.        ,0.        ,0.        "
2021-07-26 14:57:22,1419673201651720193,AsÄ±lsÄ±z insanlarÄ±n asÄ±lsÄ±z sÃ¶zlerine dikkat etmeyiniz AÅINIZI lÃ¼tfen yaptÄ±rÄ±nÄ±z.. #asÄ±ol #saglik #asÄ±hayatkurtarÄ±r,,https:\twitter.com\Felixx001\status\1419673201651720193,"asÄ±ol, saglik, asÄ±hayatkurtarÄ±r",,1.1039860585874555e+18,Felixx001,False,False,0.0,0.0,Informative,"0.28728732,0.26540864,0.26540864,0.24988547,0.        ,0.        ,
 0.        ,0.        ,0.        ,0.        "
2021-07-26 14:53:20,1419672189331255299,Kesinlikle aÅŸi olmayanlara yaptirim gelmeli sokaga cikmasinlar avm lere alinmasinlar lokantaya gidemesinler cunku bireysel degil toplumsal bir sorun bu #AÅŸÄ±Ol,,https:\twitter.com\bahar01011989\status\1419672189331255299,AÅŸÄ±Ol,,8.768215254160916e+17,bahar01011989,False,False,0.0,0.0,Unverified,"0.24957905,0.23057209,0.23057209,0.13118062,0.        ,0.        ,
 0.        ,0.        ,0.        ,0.        "
2021-07-26 14:52:11,1419671899236405257,Kendin iÃ§in degilse bile milyonlarca Ã¶grenci icin aÅŸÄ± ol #AÅŸÄ±Ol,,https:\twitter.com\bahar01011989\status\1419671899236405257,AÅŸÄ±Ol,,8.768215254160916e+17,bahar01011989,False,False,0.0,0.0,Informative,"0.38501412,0.29442069,0.11735484,0.        ,0.        ,0.        ,
 0.        ,0.        ,0.        "
2021-07-26 14:50:05,1419671371907489804,2. doz aÅŸÄ±mÄ±zÄ± olduk. Kendimizi vede Ã§evremizi korumak iÃ§in aÅŸÄ± olalÄ±m. #aÅŸÄ± #asÄ±ol https://t.co/0r8kB8pZ8T,,https:\twitter.com\sadrettintosulu\status\1419671371907489804,"aÅŸÄ±, asÄ±ol",,9.939075221080433e+17,sadrettintosulu,False,False,1.0,24.0,Unverified,"0.26510123,0.21850284,0.        ,0.        ,0.        ,0.        ,
 0.        ,0.        ,0.        ,0.        "
2021-07-26 14:33:28,1419667186566709251,AÅŸÄ± oldum ğŸ’‰ğŸ’†â€â™€ï¸ #aÅŸÄ±Ol,,https:\twitter.com\CanimmKKendimmm\status\1419667186566709251,aÅŸÄ±Ol,,1.2425173685821563e+18,CanimmKKendimmm,False,False,0.0,3.0,Unverified,"0.82362874,0.27174229,0.        "
2021-07-26 14:31:59,1419666813550465025,"EÄŸer kÄ±sÄ±tlamalar gelecekse, aÅŸÄ±larÄ±mÄ± olduÄŸum iÃ§in,beni baÄŸlamamasÄ± lazÄ±m ! Ben kendime ve topluma olan sorumluluÄŸumu yerine getirdim. #Covid_19 #asÄ±ol #coronavirus",,https:\twitter.com\TurkBalyozu1071\status\1419666813550465025,"Covid_19, asÄ±ol, coronavirus",,1085726826.0,TurkBalyozu1071,False,False,0.0,0.0,Unverified,"0.26853302,0.24808259,0.24808259,0.19861256,0.19861256,0.        ,
 0.        ,0.        ,0.        ,0.        "
2021-07-26 14:17:41,1419663215227723781,Yeni mutasyon aÅŸÄ±lanmayan kiÅŸilerden Ã§Ä±kabilir #aÅŸÄ±ol,,https:\twitter.com\GazeteMAG\status\1419663215227723781,aÅŸÄ±ol,https://t.co/g3Rtd1Zy0g,333716756.0,GazeteMAG,False,False,0.0,1.0,Informative,"0.43389111,0.43389111,0.        ,0.        ,0.        ,0.        "
2021-07-26 14:03:46,1419659715349471234,"COVID19 aÅŸÄ±sÄ± olmadÄ±ysan , sebebi nedir ? *SM : Sosyal Medya #aÅŸÄ± #asÄ±ol #asÄ±olmayacaÄŸÄ±m #fenerinmacivar",,https:\twitter.com\drserkanselvi\status\1419659715349471234,"aÅŸÄ±, asÄ±ol, asÄ±olmayacaÄŸÄ±m, fenerinmacivar",,1.2540383024805724e+18,drserkanselvi,False,False,0.0,1.0,Unverified,"0.34644282,0.28681952,0.2749558 ,0.22464412,0.10559805,0.        ,
 0.        ,0.        ,0.        ,0.        "
2021-07-26 13:59:52,1419658730841550849,#asÄ±ol Tam da dediÄŸim bu! Uzun zamandÄ±r dikkat Ã§ektiÄŸim konu; vaka artÄ±ÅŸlarÄ± ve Ã¶lÃ¼m oranlarÄ±nda aÅŸÄ± olmayanlarÄ±n yÃ¼ksek oranda olmasÄ±.. aÅŸaÄŸÄ±daki tweet dediÄŸimi destekliyorğŸ”½,,https:\twitter.com\alitarakcii\status\1419658730841550849,asÄ±ol,https://t.co/JvOJUPOmcM,283905627.0,alitarakcii,False,True,2.0,10.0,Unverified,"0.23513657,0.23513657,0.23513657,0.23513657,0.21722949,0.21722949,
 0.21722949,0.21722949,0.20452421,0.19466923"
2021-07-26 13:55:58,1419657750271959043,#asÄ±ol aÅŸÄ± kuyruÄŸu var hay maÅŸallah ğŸ§¿ğŸ‘Š,,https:\twitter.com\Habipca06519021\status\1419657750271959043,asÄ±ol,,1.0492490184282399e+18,Habipca06519021,False,False,0.0,1.0,Unverified,"0.36368818,0.15450152,0.        ,0.        ,0.        ,0.        "
2021-07-26 13:52:07,1419656781370990593,Kendimizi vede Ã§evremizi korumak Ä°Ã§in aÅŸÄ± olalÄ±m.#aÅŸÄ± #asÄ±ol https://t.co/bIez5l8UAA,,https:\twitter.com\mataydeniz\status\1419656781370990593,"aÅŸÄ±, asÄ±ol",,726838009.0,mataydeniz,False,False,0.0,9.0,Informative,"0.3196645 ,0.23538111,0.        ,0.        ,0.        ,0.        ,
 0.        ,0.        ,0.        ,0.        "
2021-07-26 13:40:36,1419653885417897985,"Maske , Mesafe ve Temizlik Bu ÃœÃ§ Tedbirde BirleÅŸelim , AÅŸÄ± OlalÄ±m Normal Hayatta BuluÅŸalÄ±m. #Maske #Mesafe #Hijyen #AÅŸÄ±ol https://t.co/uxgpu6vTsh",,https:\twitter.com\kemerbelediye\status\1419653885417897985,"Maske, Mesafe, Hijyen, AÅŸÄ±ol",,2886630965.0,kemerbelediye,False,False,0.0,0.0,Informative,"0.49001439,0.38890199,0.2450072 ,0.2450072 ,0.20284111,0.07467981,
 0.        ,0.        ,0.        ,0.        "
2021-07-26 13:38:17,1419653302367686656,AÅŸÄ± olmayan insanlarÄ± anlamÄ±yorum anlamak da istemiyorum boÅŸsunuz!!! #aÅŸÄ±ol,,https:\twitter.com\gonchkitchen\status\1419653302367686656,aÅŸÄ±ol,,1.3927111695892685e+18,gonchkitchen,False,False,0.0,1.0,Unverified,"0.38543874,0.29109251,0.12716896,0.        ,0.        ,0.        ,
 0.        ,0.        "
2021-07-26 13:33:53,1419652195331551234,AÅŸÄ± olup olmamak kimsenin keyfine kalmamalÄ± zorunlu hale gelmeli. #AÅŸÄ±Ol,,https:\twitter.com\gizcelebii\status\1419652195331551234,AÅŸÄ±Ol,,8.825935123610132e+17,gizcelebii,False,False,1.0,6.0,Unverified,"0.35650199,0.35650199,0.32935219,0.3100891 ,0.10866415,0.        ,
 0.        ,0.        ,0.        ,0.        "
2021-07-26 13:12:45,1419646877268647941,Corona olmuyorum ğŸ˜ƒ #AÅŸÄ±ol https://t.co/5cxsyzeTgz,,https:\twitter.com\DocDrRakisikli\status\1419646877268647941,AÅŸÄ±ol,,1.2326557250564014e+18,DocDrRakisikli,False,False,1.0,29.0,Unverified,"0.48241849,0.        ,0.        ,0.        ,0.        ,0.        "
2021-07-26 13:09:28,1419646047626960898,AÅI durumunuz nedir? #aÅŸÄ± #asÄ± #asÄ±olmayacaÄŸÄ±m #asÄ±ol #asÄ±olun #Sinovac #biontec #BioNTechpfizer #gÃ¼ndem #sokaknoebetcileri #koca #saÄŸlÄ±kbakanlÄ±ÄŸÄ± #zula #lol #VALORANT #twitch #PUBG #gs #bjk #Tokyo2020 #futbol #FileninSultanlarÄ± #pandemic #pandemi #COVID19 #tÃ¼rkiye #Tbt #tr,,https:\twitter.com\kenjouri\status\1419646047626960898,"aÅŸÄ±, asÄ±, asÄ±olmayacaÄŸÄ±m, asÄ±ol, asÄ±olun, Sinovac, biontec, BioNTechpfizer, gÃ¼ndem, sokaknoebetcileri, koca, saÄŸlÄ±kbakanlÄ±ÄŸÄ±, zula, lol, VALORANT, twitch, PUBG, gs, bjk, Tokyo2020, futbol, FileninSultanlarÄ±, pandemic, pandemi, COVID19, tÃ¼rkiye, Tbt, tr",,4427546417.0,kenjouri,False,False,0.0,1.0,Unverified,"0.19469822,0.19469822,0.19469822,0.19469822,0.17987077,0.14888593,
 0.12624828,0.0593453 ,0.        ,0.        "
2021-07-26 13:03:28,1419644539749421064,#heskodu gibi #asÄ±ol aÅŸÄ± kodu olsun !,,https:\twitter.com\OkiephelanOzlem\status\1419644539749421064,"heskodu, asÄ±ol",,2772614525.0,OkiephelanOzlem,False,False,0.0,0.0,Unverified,"0.47306906,0.17416936,0.        ,0.        ,0.        "
2021-07-26 12:57:26,1419643022522863620,Ãœlkede 23 milyon aÅŸÄ± olmayan varmÄ±ÅŸ. HazÄ±r bunlarÄ± tespit etmiÅŸken Suriyeâ€™ye falan gÃ¶nderelim yeminle Ã¼lke muhasÄ±rlaÅŸÄ±r. #asÄ±ol #binance #Arslantepe44,,https:\twitter.com\dalgalikurr\status\1419643022522863620,"asÄ±ol, binance, Arslantepe44",,1040793872.0,dalgalikurr,False,False,0.0,0.0,Unverified,"0.24264261,0.24264261,0.2241639 ,0.2241639 ,0.2241639 ,0.2241639 ,
 0.2241639 ,0.16929391,0.07395906,0.        "
2021-07-26 12:57:03,1419642922845319175,Ayni fikirdeyim aÅŸi olmayip hastaligi yayanlar ve kisitlamaya sebep olanlar kul hakkina girmektedir #asÄ±ol,,https:\twitter.com\muratbirsan\status\1419642922845319175,asÄ±ol,https://t.co/rVS9xjr4SU,186513012.0,muratbirsan,False,True,0.0,0.0,Unverified,"0.2723237 ,0.24404166,0.        ,0.        ,0.        ,0.        ,
 0.        ,0.        ,0.        ,0.        "
2021-07-26 12:32:22,1419636712012144649,ğŸ’‰ğŸ’‰tamamlandÄ± #AÅŸÄ±Ol #Biontech,,https:\twitter.com\35miracle\status\1419636712012144649,"AÅŸÄ±Ol, Biontech",,1247437974.0,35miracle,False,False,0.0,0.0,Unverified,"0.54249129,0.        ,0.        "
2021-07-26 12:21:39,1419634015498350592,"Bir paylaÅŸÄ±ma tam bir cÃ¼mle yazayÄ±m istiyorum, yorumlarÄ± okuyup; aklÄ±mdan geÃ§enlerin yazÄ±lmÄ±ÅŸ olduÄŸunu gÃ¶rÃ¼nce; 'oh yaa benim gibi birileri var, yazmÄ±ÅŸlar bir değŸ‘' diye iÃ§ime bir sevinÃ§ doluyorğŸ˜ƒ Sizlere de oluyor mu? #ÃœlkemdeSÄ±ÄŸÄ±nmacÄ±istemiyorum #okullaraÃ§Ä±lsÄ±n #aÅŸÄ±ol https://t.co/VxMy4nTHWD",,https:\twitter.com\savasanesra\status\1419634015498350592,"ÃœlkemdeSÄ±ÄŸÄ±nmacÄ±istemiyorum, okullaraÃ§Ä±lsÄ±n, aÅŸÄ±ol",,316392665.0,savasanesra,False,False,1.0,3.0,Unverified,"0.38482416,0.1830378 ,0.16909836,0.16909836,0.13132928,0.        ,
 0.        ,0.        ,0.        ,0.        "
2021-07-26 12:00:14,1419628623976443904,SaÄŸlÄ±k bakanlÄ±ÄŸÄ± hastalÄ±k oranlarÄ±nÄ± aÃ§Ä±klarken aÅŸÄ±lÄ±lar ve aÅŸÄ±sÄ±zlardaki oranlarÄ± ve yoÄŸun bakÄ±m - hastaneye ayrÄ± ayrÄ± yatÄ±ÅŸ oranlarÄ±nÄ± aÃ§Ä±klamalÄ±. Sonra neden sÄ±rasÄ± gelip 22 milyon kiÅŸi aÅŸÄ±lanmadÄ± diye dÃ¼ÅŸÃ¼nÃ¼rÃ¼z Belki karÅŸÄ±tlarÄ±n olmayan beyinlerinde bir Ä±ÅŸÄ±k yanar #AÅŸÄ±ol,,https:\twitter.com\belkiguzelolur1\status\1419628623976443904,AÅŸÄ±ol,,1.0786964137337569e+18,belkiguzelolur1,False,False,0.0,3.0,Unverified,"0.17963678,0.17963678,0.17963678,0.17963678,0.17963678,0.16595635,
 0.16595635,0.16595635,0.16595635,0.15624993"
2021-07-26 11:48:04,1419625562973294594,GÃ¼nde 20 tane bundan iÃ§en adam aÅŸÄ±nÄ±n yan etkisi var diye aÅŸÄ± olmuyorğŸ™ƒ #aÅŸÄ± #asÄ±ol https://t.co/lBGIfRFHXi,,https:\twitter.com\UygarHulagu\status\1419625562973294594,"aÅŸÄ±, asÄ±ol",,1475728945.0,UygarHulagu,False,False,0.0,2.0,Unverified,"0.2960885 ,0.2960885 ,0.2960885 ,0.27353956,0.24513125,0.22641918,
 0.21244294,0.18049945,0.        ,0.        "
2021-07-26 11:41:27,1419623898237255682,Ata Demirer: AÅŸÄ± OlduÄŸu Ä°Ã§in Nezle Gibi 5 GÃ¼nde GeÃ§iren 80 YaÅŸÄ±nda TanÄ±dÄ±ÄŸÄ±m Var  @atademirer  #asÄ±ol #COVID19 #korona,,https:\twitter.com\shhaberr\status\1419623898237255682,"asÄ±ol, COVID19, korona",https://t.co/Af7eJDxysr,1.1659073744791634e+18,shhaberr,False,False,0.0,32.0,Unverified,"0.28520899,0.28520899,0.26348859,0.23612412,0.23612412,0.20463692,
 0.18493823,0.08693358,0.        ,0.        "
2021-07-26 11:39:03,1419623295499001859,AÅŸÄ± kartÄ± olmayan arkadaÅŸlarÄ±mÄ± eve almama kararÄ± aldÄ±m !ğŸ˜ #AÅŸÄ±ol,,https:\twitter.com\Miracle_1108\status\1419623295499001859,AÅŸÄ±ol,,4794538876.0,Miracle_1108,False,False,0.0,13.0,Unverified,"0.39514257,0.34369908,0.34369908,0.27569448,0.12044206,0.        ,
 0.        ,0.        ,0.        "
2021-07-26 11:35:50,1419622485771886596,AÅŸÄ± ile ilgili bÃ¼yÃ¼k TV kanallarÄ±nda aÅŸÄ± yanlÄ±sÄ± ve karÅŸÄ±tÄ± iki grubun halk nezdinde tartÄ±ÅŸmasÄ±nÄ± dinlemek ister misiniz? @trthaber @HaberturkTV @cnnturk @ntv @ShowTV #aÅŸÄ± #Biontech #Sinovac #Turkovac 17 Zam #yks2021 #covid19 #saglik #asÄ±dan #asÄ±ol #ASIKAMPANYASI,,https:\twitter.com\Akaraoz\status\1419622485771886596,"aÅŸÄ±, Biontech, Sinovac, Turkovac, yks2021, covid19, saglik, asÄ±dan, asÄ±ol, ASIKAMPANYASI",,231809595.0,Akaraoz,False,False,1.0,0.0,Unverified,"0.19542147,0.19542147,0.18053893,0.18053893,0.17869725,0.16997961,
 0.16178916,0.149439  ,0.14453775,0.12671726"
2021-07-26 11:25:59,1419620007236022276,Bu arada #aÅŸÄ±ol,,https:\twitter.com\birkizannesi\status\1419620007236022276,aÅŸÄ±ol,,402598886.0,birkizannesi,False,False,0.0,1.0,Unverified,"0.87311754,0.        "
2021-07-24 13:00:36,1418919042442727429,"#covidaÅŸÄ± aÅŸÄ± olmalÄ± mÄ± olmamalÄ± mÄ±? :( Denek mÄ± olduk ? AÅŸÄ±nÄ±n iÃ§eriÄŸi nasÄ±l? Bill Gates neden aÅŸÄ± olmadÄ±,olduysa bile bizimkinden farklÄ± olabilir ,kafamda deli sorular ğŸ˜‘",,https:\twitter.com\MilenKafkas\status\1418919042442727429,covidaÅŸÄ±,,1.2487086980186358e+18,MilenKafkas,False,False,0.0,1.0,Unverified,"0.25448169,0.23510136,0.2213508 ,0.2213508 ,0.19460241,0.19460241,
 0.15513539,0.        ,0.        ,0.        "
"""2021-07-24 17:01:58""",1418979781887021062,Ã‡Ä±kÄ±n Ã§Ä±kÄ±n gelinğŸ˜‚ğŸ˜‚ #covidaÅŸÄ± #biontech #sinovac,,https:\twitter.com\ysmnbzlk20\status\1418979781887021062,"covidaÅŸÄ±, biontech, sinovac",,434283773.0,ysmnbzlk20,False,False,0.0,1.0,Unverified,"0.30167472,0.29178049,0.        ,0.        ,0.        "
2021-07-26 12:22:43,1419634282461634562,Bilin bakalÄ±m neyi bekliyoruz? -AÅŸÄ± iÃ§in Ã§aÄŸÄ±rÄ±lmayÄ± #TedirginOlmaAsÄ±Ol https://t.co/lvJeIRHy5I,,https:\twitter.com\sevofuluran\status\1419634282461634562,TedirginOlmaAsÄ±Ol,,4798724722.0,sevofuluran,False,False,0.0,20.0,Unverified,"0.11773523,0.        ,0.        ,0.        ,0.        ,0.        ,
 0.        ,0.        ,0.        ,0.        "
2021-07-26 12:07:42,1419630505776095238,Covid-19'a ve varyantlarÄ±na karÅŸÄ± en gÃ¼Ã§lÃ¼ kozumuz: AÅŸÄ± olmak! ğŸ’ªğŸ» e-NabÄ±z ya da â€™den COVID-19 aÅŸÄ±sÄ± sÄ±ranÄ±zÄ±n gelip gelmediÄŸini kontrol edebilirsiniz. #AÅŸÄ±korur #tedirginolmaaÅŸÄ±ol https://t.co/MQUruAhqon,,https:\twitter.com\SATSO54\status\1419630505776095238,"AÅŸÄ±korur, tedirginolmaaÅŸÄ±ol",https://t.co/gVFhn7Ui25,1482415208.0,SATSO54,False,False,1.0,7.0,Informative,"0.35199892,0.31575486,0.21983707,0.19700601,0.19700601,0.18885725,
 0.16602619,0.0725315 ,0.        ,0.        "
2021-07-26 7:20:56,1419558338891862017,"Åu iki haber alt alta Ã§ok anlamlÄ± durmuÅŸ, buraya bÄ±rakayÄ±m ve bilimsellikten yana olmanÄ±n sonucunu gÃ¶rsellere ifade etmiÅŸ olayÄ±m. #TedirginOlmaAÅŸÄ±Ol https://t.co/M7dceLAVm6",,https:\twitter.com\ngulgunk\status\1419558338891862017,TedirginOlmaAÅŸÄ±Ol,,2305358416.0,ngulgunk,False,False,1.0,3.0,Unverified,"0.24211077,0.24211077,0.22367256,0.22367256,0.22367256,0.20044316,
 0.        ,0.        ,0.        ,0.        "
2021-07-26 6:49:57,1419550540711792644,AynÄ± kararlÄ±lÄ±ÄŸÄ± tÃ¼m toplum gÃ¶stermeli.. Herkes aÅŸÄ±lanmadan hiÃ§ birimiz gÃ¼vende deÄŸiliz! #TedirginOlmaAsÄ±Ol,,https:\twitter.com\ngulgunk\status\1419550540711792644,TedirginOlmaAsÄ±Ol,https://t.co/swMzZ0auIb,2305358416.0,ngulgunk,False,True,0.0,2.0,Informative,"0.33635958,0.31074375,0.25721452,0.        ,0.        ,0.        ,
 0.        ,0.        ,0.        ,0.        "
2021-07-26 5:32:51,1419531136972304387,"Kovid19 aÅŸÄ±larÄ± etkilidir ve 12 yaÅŸ Ã¼zerindeki herkes vakit geÃ§irmeksizin aÅŸÄ±sÄ±nÄ± olmalÄ±dÄ±r, nokta! #TedirginOlmaAsÄ±Ol",,https:\twitter.com\ngulgunk\status\1419531136972304387,TedirginOlmaAsÄ±Ol,https://t.co/xqFdHXfwWD,2305358416.0,ngulgunk,False,True,0.0,3.0,Informative,"0.27506116,0.27506116,0.25897344,0.24649483,0.22767867,0.        ,
 0.        ,0.        ,0.        ,0.        "
2021-07-25 21:48:34,1419414297466257411,*AÅŸÄ± Korur; 'AÅŸÄ± olanlarÄ±n kendine gÃ¼veni artar. AÅŸÄ±mÄ±zÄ± hemen yaptÄ±ralÄ±m' #TedirginOlmaAÅŸÄ±Ol #AÅŸÄ±CandÄ±rHayatKurtarÄ±r https://t.co/2LMlhMpqr2,,https:\twitter.com\turkkizilayeyup\status\1419414297466257411,"TedirginOlmaAÅŸÄ±Ol, AÅŸÄ±CandÄ±rHayatKurtarÄ±r",,1.1563270004387062e+18,turkkizilayeyup,False,False,1.0,7.0,Informative,"0.29087867,0.29087867,0.27386582,0.19194094,0.        ,0.        ,
 0.        ,0.        ,0.        ,0.        "
2021-07-25 20:18:25,1419391611394576390,Gericilik ve bilim karÅŸÄ±tlÄ±ÄŸÄ± halk saÄŸlÄ±ÄŸÄ± ile doÄŸru orantÄ±lÄ± olamaz. Halk saÄŸlÄ±ÄŸÄ± uzmanlarÄ±nÄ±n sesine kulak verilmeli. SalgÄ±na karÅŸÄ± aÅŸÄ± olunmalÄ±.. #TedirginOlmaAÅŸÄ±Ol,,https:\twitter.com\naz_mahir\status\1419391611394576390,TedirginOlmaAÅŸÄ±Ol,,1.239193457446523e+18,naz_mahir,False,False,0.0,0.0,Informative,"0.40171924,0.40171924,0.23092348,0.23092348,0.20085962,0.19118122,
 0.070387  ,0.        ,0.        ,0.        "
2021-07-25 20:00:13,1419387030908309506,Herkesi aÅŸÄ± olmaya teÅŸvik etmeye calisiyorum. Guz doneminde universitelerin acilmasi icin #TedirginOlmaAsÄ±Ol,,https:\twitter.com\ayseyaziyormus1\status\1419387030908309506,TedirginOlmaAsÄ±Ol,,1.2878146579196682e+18,ayseyaziyormus1,False,False,0.0,0.0,Unverified,"0.31234747,0.31234747,0.28856031,0.09520557,0.        ,0.        ,
 0.        ,0.        ,0.        ,0.        "
2021-07-24 21:40:10,1419049795981877249,24 gÃ¼nde bir Ã§uval inciri heba ettik #AlgÄ±yÄ±deÄŸilsalgÄ±nÄ±yÃ¶netin saÄŸlÄ±k Ã§alÄ±ÅŸanlarÄ±nÄ±n emeÄŸine yazÄ±k ğŸ˜¡ #pandemibitmedi #TedirginOlmaAÅŸÄ±Ol,,https:\twitter.com\kaantaser\status\1419049795981877249,"AlgÄ±yÄ±deÄŸilsalgÄ±nÄ±yÃ¶netin, pandemibitmedi, TedirginOlmaAÅŸÄ±Ol",https://t.co/ve7ACwB56p,172062653.0,kaantaser,False,True,0.0,1.0,Unverified,"0.29362773,0.27126619,0.27126619,0.21717313,0.15433294,0.        ,
 0.        ,0.        ,0.        ,0.        "
2021-07-24 17:20:13,1418984375140630547,#TedirginOlmaAÅŸÄ±Ol LÃ¼tfen aÅŸÄ± olmayÄ± ihmal etmeyin.,,https:\twitter.com\bedirhanogluvan\status\1418984375140630547,TedirginOlmaAÅŸÄ±Ol,,3225939885.0,bedirhanogluvan,False,False,4.0,40.0,Unverified,"0.15692181,0.        ,0.        ,0.        ,0.        ,0.        "
2021-07-24 17:07:09,1418981088047910920,Sana KÄ±rmÄ±zÄ± hiÃ§ yakÄ±ÅŸmÄ±yor #Antalya ğŸ˜” #TedirginOlmaAÅŸÄ±Ol #AÅŸÄ±CandÄ±rhayatkurtarÄ±r https://t.co/2xAGAaTyfk,,https:\twitter.com\kaantaser\status\1418981088047910920,"Antalya, TedirginOlmaAÅŸÄ±Ol, AÅŸÄ±CandÄ±rhayatkurtarÄ±r",,172062653.0,kaantaser,False,False,2.0,19.0,Unverified,"0.39608078,0.        ,0.        ,0.        ,0.        ,0.        ,
 0.        ,0.        ,0.        "
2021-07-24 12:37:51,1418913317549137930,Diyarbakir lÄ± hemÅŸehrilerim bunu gÃ¶rÃ¼n. Erkenden aÅŸinizi olun. #TedirginOlmaAsÄ±Ol,,https:\twitter.com\hakanakelma\status\1418913317549137930,TedirginOlmaAsÄ±Ol,https://t.co/w1Kqyqnzw4,8.609103437988905e+17,hakanakelma,False,True,1.0,55.0,Informative,"0.28018661,0.        ,0.        ,0.        ,0.        ,0.        ,
 0.        ,0.        ,0.        "
2021-07-24 5:39:09,1418807948269301761,"Evett, bayram sonrasÄ± mesai baÅŸladÄ±... LÃ¼tfen: - AÅŸÄ±nÄ±zi bir an Ã¶nce olun, sizin ve insanlÄ±k iÃ§in bu Ã§ok Ã¶nemlidir, testi kÄ±rÄ±lmadan Ã¶nleminizi alÄ±n! - KapalÄ± alanlara ve kalabalÄ±klara girmeyin - Maske Ã¶nemlidir - BulunduÄŸunuz alanlarÄ± sÄ±k doÄŸal havalandÄ±rin #TedirginOlmaAÅŸÄ±Ol https://t.co/UILxkhwf3u",,https:\twitter.com\brahim622\status\1418807948269301761,TedirginOlmaAÅŸÄ±Ol,,1.1803153384723988e+18,brahim622,False,False,21.0,156.0,Unverified,"0.1837233 ,0.1837233 ,0.1837233 ,0.16973165,0.16973165,0.16973165,
 0.16973165,0.15210426,0.14581277,0.14049339"
2021-07-23 16:02:07,1418602335396261891,#Covid19 aÅŸÄ±sÄ±nÄ±n 3. dozunu da yaptÄ±rdÄ±m. 18 yaÅŸ Ã¼stÃ¼ tÃ¼m vatandaÅŸlarÄ±mÄ±zdan ricam; hem kendinizin hem de toplumumuzun saÄŸlÄ±ÄŸÄ± iÃ§in lÃ¼tfen aÅŸÄ±larÄ±nÄ±zÄ± geciktirmeden yaptÄ±rÄ±n. #TedirginOlmaAsÄ±Ol https://t.co/9e6VVhsqaq,,https:\twitter.com\Abdullah_Erin47\status\1418602335396261891,"Covid19, TedirginOlmaAsÄ±Ol",,2165215133.0,Abdullah_Erin47,True,False,68.0,472.0,Informative,"0.24896473,0.24896473,0.24896473,0.23000455,0.21655209,0.20611755,
 0.16143635,0.        ,0.        ,0.        "
2021-07-23 14:40:20,1418581752650551297,daha gÃ¼zel bir okul donemi icin #TedirginOlmaAsÄ±Ol,,https:\twitter.com\ayseyaziyormus1\status\1418581752650551297,TedirginOlmaAsÄ±Ol,,1.2878146579196682e+18,ayseyaziyormus1,False,False,0.0,0.0,Unverified,"0.43876515,0.24962902,0.        ,0.        ,0.        ,0.        "
2021-07-23 13:46:09,1418568115374407683,#TedirginOlmaAÅŸÄ±Ol AÅŸÄ± Can'dÄ±r hayat kurtarÄ±r..,,https:\twitter.com\kaantaser\status\1418568115374407683,TedirginOlmaAÅŸÄ±Ol,https://t.co/anJj7qicuP,172062653.0,kaantaser,False,True,0.0,2.0,Informative,"0.4727652 ,0.4727652 ,0.15598083,0.        ,0.        ,0.        "
2021-07-23 13:29:31,1418563930851577858,ğŸ“DiyarbakÄ±r baÅŸta olmak Ã¼zere bÃ¶lgede #Covid_19 tekrardan alarm veriyorâ€¦ ğŸ“Ve maalesef aÅŸÄ±lama oranÄ±nda da bÃ¶lge illeri son sÄ±radaâ€¦ #COVID19 iÃ§in en gÃ¼venilir ve koruyucu #AÅŸÄ±Olmak tÄ±r ğŸ“LÃ¼tfen aÅŸÄ±mÄ±zÄ± olalÄ±m.. #TedirginOlmaAÅŸÄ±Ol https://t.co/915WeVNlmM,,https:\twitter.com\mserifdemirr\status\1418563930851577858,"Covid_19, COVID19, AÅŸÄ±Olmak, TedirginOlmaAÅŸÄ±Ol",,7.172272237077258e+17,mserifdemirr,False,False,4.0,22.0,Unverified,"0.21365498,0.21365498,0.21365498,0.21365498,0.21365498,0.19738386,
 0.18583931,0.18583931,0.17688466,0.14906898"
2021-07-23 12:35:55,1418550443282735106,"BugÃ¼n yapÄ±lan Covid-19 aÅŸÄ±larÄ±nÄ±n ikinci dozlarÄ±ndan biri bana ait ğŸ˜‡ ÅahsÄ±m tÃ¼nelin ucuna geldi bence artÄ±k ğŸ˜ Dikkati elden bÄ±rakmadan, gÃ¼venle ilerleyebiliriz ğŸ™†â€â™€ï¸ #Biontech #TedirginOlmaAÅŸÄ±Ol",,https:\twitter.com\pangoliinn\status\1418550443282735106,"Biontech, TedirginOlmaAÅŸÄ±Ol",https://t.co/VPv6Gu5YJw,7.997029098227425e+17,pangoliinn,False,True,0.0,25.0,Unverified,"0.23543367,0.23543367,0.21750396,0.20478263,0.20478263,0.20478263,
 0.1949152 ,0.18685293,0.1741316 ,0.1741316 "
2021-07-22 23:19:37,1418350045984919558,"AÅŸÄ± deÄŸil, virÃ¼s Ã¶ldÃ¼rÃ¼r! Yersiz kaygÄ±lar bizlerin ve sevdiklerimizin hayatÄ±nÄ± riske atmaya deÄŸmez.. #TedirginOlmaAÅŸÄ±Ol #AsÄ±CandÄ±rHayatKurtarÄ±r",,https:\twitter.com\renas_unstabil\status\1418350045984919558,"TedirginOlmaAÅŸÄ±Ol, AsÄ±CandÄ±rHayatKurtarÄ±r",https://t.co/zUElzAUqkJ,1662347833.0,renas_unstabil,False,True,0.0,2.0,Informative,"0.26032791,0.26032791,0.24778404,0.0912264 ,0.        ,0.        ,
 0.        ,0.        ,0.        ,0.        "
2021-07-22 21:59:00,1418329760984354823,yaz geldi dÄ±ÅŸarÄ± Ã§Ä±k... kÄ±ÅŸ geldi eve kapan... sÄ±kÄ±ldÄ±m bu kÄ±sÄ±r dÃ¶ngÃ¼den... #COVID19tr #coronavirus #COVID19 #TedirginOlmaAÅŸÄ±OL,,https:\twitter.com\fatihtank\status\1418329760984354823,"COVID19tr, coronavirus, COVID19, TedirginOlmaAÅŸÄ±OL",,303081235.0,fatihtank,False,False,14.0,722.0,Unverified,"0.4722922 ,0.27149149,0.2361461 ,0.2361461 ,0.2361461 ,0.17604339,
 0.        ,0.        ,0.        ,0.        "
2021-07-22 20:31:08,1418307646487212034,Åimdiye kadar aÅŸÄ±nÄ±n olmamasÄ±ndan ÅŸikayetÃ§iydik. ArtÄ±k aÅŸÄ± sorunu yok ama aÅŸÄ± olmama sorunu var. Tehlike kapÄ±mÄ±zÄ±n dibinde deÄŸil iÃ§inde. AÅŸÄ±sÄ±z pandemiyi yenmek nerdeyse imkansÄ±z. Herkes Ã¼zerine dÃ¼ÅŸen sorumluluÄŸu yerine getirmeli ve aÅŸÄ± olmalÄ±. Åimdi aÅŸÄ± zamanÄ± #TedirginOlmaAÅŸÄ±Ol,,https:\twitter.com\cihanokchu\status\1418307646487212034,TedirginOlmaAÅŸÄ±Ol,,7.093128615631258e+17,cihanokchu,False,False,0.0,2.0,Informative,"0.22719945,0.18634723,0.17215575,0.17215575,0.17215575,0.17215575,
 0.17215575,0.16208674,0.16208674,0.14789527"
2021-07-22 18:15:39,1418273550780280836,AÅŸÄ± Can'dÄ±r hayat kurtarÄ±r..ğŸ’‰ #TedirginOlmaAÅŸÄ±Ol,,https:\twitter.com\kaantaser\status\1418273550780280836,TedirginOlmaAÅŸÄ±Ol,https://t.co/G03yVoIcnn,172062653.0,kaantaser,False,True,0.0,0.0,Informative,"0.4727652 ,0.4727652 ,0.15598083,0.        ,0.        ,0.        "
2021-07-22 17:59:06,1418269387199496193,"Bu saatten sonra aÅŸÄ± olmayÄ±n propagandasÄ± yapÄ±p masum insanlarÄ±n hayatÄ±nÄ± riske atanlar,bilim karÅŸÄ±tÄ± sÃ¶ylemlerin peÅŸinde gidenler de bu cinayetin ortaÄŸÄ±dÄ±rlar.. #tedirginolmaaÅŸÄ±ol",,https:\twitter.com\naz_mahir\status\1418269387199496193,tedirginolmaaÅŸÄ±ol,,1.239193457446523e+18,naz_mahir,False,False,0.0,0.0,Unverified,"0.22233566,0.22233566,0.22233566,0.1695908 ,0.07791282,0.        ,
 0.        ,0.        ,0.        ,0.        "
2021-07-22 17:41:03,1418264843967205378,"SalgÄ±n bitmedi, devam ediyor #TedirginOlmaAÅŸÄ±Ol #AsÄ±CandÄ±rHayatKurtarÄ±r",,https:\twitter.com\hlsyrlky\status\1418264843967205378,"TedirginOlmaAÅŸÄ±Ol, AsÄ±CandÄ±rHayatKurtarÄ±r",https://t.co/4901RjlyFv,9.975728655485379e+17,hlsyrlky,False,True,1.0,3.0,Informative,"0.4339699 ,0.40858795,0.40858795,0.        ,0.        ,0.        "
2021-07-22 6:23:26,1418094315629387778,Maske; sadece sosyal medyada emojinin taktÄ±ÄŸÄ± bir aksesuar artÄ±k (!) ğŸ˜· #tedirginolmaaÅŸÄ±ol #COVID19 #Covid_19 #COVID19tr,,https:\twitter.com\umityasarmd\status\1418094315629387778,"tedirginolmaaÅŸÄ±ol, COVID19, Covid_19, COVID19tr",,145373412.0,umityasarmd,False,False,0.0,4.0,Unverified,"0.33579895,0.26650826,0.26650826,0.26650826,0.26650826,0.21774231,
 0.17649844,0.        ,0.        ,0.        "
2021-07-20 21:13:22,1417593499948523522,Yani diyor ki 'yalan haber para getiriyor ama aslÄ±nda bal gibi biliyoruz aÅŸÄ±nÄ±n iÅŸe yaradÄ±ÄŸÄ±nÄ±' #TedirginOlmaAÅŸÄ±Ol #AÅŸÄ±SeferberliÄŸi,,https:\twitter.com\bellatrixbegins\status\1417593499948523522,"TedirginOlmaAÅŸÄ±Ol, AÅŸÄ±SeferberliÄŸi",https://t.co/q7BgzMfnhz,180055869.0,bellatrixbegins,False,True,0.0,1.0,Unverified,"0.30924069,0.30924069,0.28569013,0.28569013,0.23647667,0.        ,
 0.        ,0.        ,0.        ,0.        "
"""2021-07-26 15:21:18""",1419679225523621890,"Antalya sÄ±caÄŸÄ±nda, her tÃ¼rlÃ¼ eksikliÄŸe raÄŸmen #AÅŸÄ±lÄ±yoruz toplumun saÄŸlÄ±ÄŸÄ± iÃ§in Ã§alÄ±ÅŸÄ±yoruz. Randevu alÄ±p gelmeyenler olmasa daha fazla aÅŸÄ± yaparÄ±z.. #TedirginOlmaAÅŸÄ±Ol #SalgÄ±ndanTekÃ‡Ä±kÄ±ÅŸYoluAÅŸÄ± https://t.co/sN181MjQu4",,https:\twitter.com\kaantaser\status\1419679225523621890,"AÅŸÄ±lÄ±yoruz, TedirginOlmaAÅŸÄ±Ol, SalgÄ±ndanTekÃ‡Ä±kÄ±ÅŸYoluAÅŸÄ±",,172062653.0,kaantaser,False,False,0.0,1.0,Informative,"0.24623159,0.24623159,0.22747955,0.22747955,0.21417477,0.21417477,
 0.07505301,0.        ,0.        ,0.        "
