6/25/2021 3:19,1.41E+18,Credible,"Science is constantly re-writing what we know üò¨ New research showing brain shrinkage from even mild cases of #coronavirus infection makes ‚Äúliving with #Covid‚Äù a risky and dangerous strategy, says @SamFazeli8 https://t.co/BTx12Cjr93 via @bopinion #COVID19 #DeltaVariant",coronavirus,Twitter for Android,1.38E+18,bendroz,bendroz,"Washington, DC",NONE,Hemp Lobbyist üå± Photographer üì∏ Crypto + DeFi üöÄ Bolo Enthusiast üá∫üá∏   4K follower account got hacked @BensHemp @theyolobolo,https://t.co/h3lf8SDI6R,FALSE,35,155,0,4/6/2021 15:42,67,None,FALSE,FALSE,34,None,NONE,FALSE,FALSE,None,None,None,None,FALSE,0,0
6/24/2021 23:51,1.41E+18,Credible,"Delta variant of covid is in EVERY STATE EXCEPT SD. So, it's dangerous, it's highly infectious and it's everywhere. Vaccination is the only thing between Delta and death. #covid #DeltaVariant",covid,Twitter Web App,42660725,"Patricia Farrell, Ph.D.",drpatfarrell,United States,NONE,"Dr. Farrell is a psychologist, author, photographer, interested in  film, writing. Don't DM me.  https://t.co/IyU3d3tkHc",None,FALSE,9510,10395,463,5/26/2009 16:34,153,None,FALSE,FALSE,531192,None,NONE,FALSE,FALSE,None,None,None,None,FALSE,2,3
6/24/2021 22:01,1.41E+18,Misc,"Now seems like a good time to mention that if you don't like new and dangerous strains of #COVID striking places like Sydney, Victoria and Wellington, covid needs to be effectively dealt with at a global scale. That means patent waivers for vaccines #PeoplesVaccine",COVID,Twitter Web App,36841359,Chris Jensen,chrisjensenj,Singapore,NONE,Developer turned facilitator & environmentalist turned developer @raisely (he/him),None,FALSE,270,195,37,5/1/2009 1:22,1428,None,FALSE,FALSE,1875,None,NONE,FALSE,FALSE,None,None,None,None,FALSE,0,0
6/24/2021 21:07,1.41E+18,Misc,IT IS UTTERLY galling - how since early 2020 begin of #Covid pandemic - how many GQP government officials and white wing media - STILL following lead of TFG dangerous vaxx and mask disinformation. They are cult of sheep.  Many worldwide are still dying because have no vaxx.üòîüíî https://t.co/NFEHugk1ec,Covid,Twitter Web App,1.08E+18,artemis888 üåê U.S. Democracy hanging by a üßµ #2022,Artemis888Infin,Left Coast ‚òïüê¨‚òîüå¶Ô∏èüåä‚õàÔ∏èüóªüå≤ü¶âüê∫,NONE,‚ôà üé∂üìñüíÉüßÅüíâ 'Let us read & and let us dance...' Voltaire #ArcticRefugeüêß  #Animalsüê∫üêÖüêàüê¶ #Climateüå±‚è≥ ‚ò† #HumanRightsüåê #ERA‚ôÄÔ∏è #RuleOfLaw‚öñÔ∏è NeverForgetJan06‚ò†,None,FALSE,26221,27780,21,12/29/2018 21:49,85132,None,FALSE,FALSE,75931,None,NONE,FALSE,FALSE,None,None,None,None,TRUE,1,5
6/24/2021 20:12,1.41E+18,Credible,"#Delta variant triggers dangerous new phase in the pandemic #COVID https://t.co/9yx4z9HsaF ‚ÄúWe think the 157/158 mutation is one of the hallmark mutations in Delta that has given it this more immune-evasion phenotype,‚Äù",Delta,Twitter Web App,2207006636,Sanjeev Krishna,ProfSKrishna,,NONE,"Professor Sanjeev Krishna -  Professor of Molecular Parasitology and Medicine at St George‚Äôs, UoL - #Malaria #Neglecteddiseases #COVID19 #Cancers #Diagnostics",http://t.co/ODdwG3K60q,FALSE,1140,1081,34,11/21/2013 11:34,382,None,TRUE,FALSE,3643,None,NONE,FALSE,FALSE,None,None,None,None,FALSE,0,0
6/25/2021 18:37,1.41E+18,Misc,#Boris considers matter closed: that's not what  the public say. This proved there was NO TRUE Threat and the whole #COVID Saga is FALSE  for else he and the G7 Mob are taking us for FOOLS. He must be SACKED. https://t.co/ZRhPsEUIKe,Boris,Twitter Web App,126994026,Carl Barron,agpcuk,"Christchurch, Dorset",NONE,Chairman of agpcuk,http://t.co/5mXBHB6G8q,FALSE,1022,2339,15,3/27/2010 17:43,1015,None,FALSE,FALSE,36398,None,NONE,FALSE,FALSE,None,None,None,None,FALSE,0,0
6/25/2021 14:37,1.41E+18,Misc,High-risk #wildlife trade and the #unsustainable ways we use #land and produce #food are key factors that drive the emergence of zoonotic #diseases like #COVID-19. Tell #US leaders to help prevent future #pandemics: https://t.co/yHZBOFtHrH @world_wildlife,wildlife,Twitter for iPhone,1083761707,J-Me,1Springhead,,NONE,Anomalous. Meet me in the middle.,None,FALSE,65,202,13,1/12/2013 18:26,168,None,FALSE,FALSE,4972,None,NONE,FALSE,FALSE,None,None,None,None,FALSE,0,0
6/25/2021 13:41,1.41E+18,Misc,If yous a true #patriot take off the mask you #sheep!! #nomask #slaves #trump #muslim #trumpsupporters #donaldtrump #maga #makeamericagreatagain #trumpreinstated #america #covid_19 #nomask #trump4ever #covid #conservatives #republicanparty #mask #coronavirus #god #RHOBH #CWS #GOP https://t.co/gGw4Utby0a,patriot,Twitter for iPhone,1.39E+18,Mike Oxmall's Guns & Ammo,MikeOxmaulGlock,"Philadelphia, PA",NONE,"TRUMP 2024. Mike Oxmall's Guns & Ammo is not a family owned small business located in Philadelphia, PA.",https://t.co/9P2sSotef4,FALSE,723,2336,0,5/6/2021 3:26,188,None,FALSE,FALSE,755,None,NONE,FALSE,FALSE,None,None,None,None,FALSE,0,0
6/25/2021 13:14,1.41E+18,Credible,"While everyone is busy chewing over @MattHancock's well timed dead cat story, this is the real scandal sneaking under the radar. 600m Covid tests lost. *Lost* by track and trace, and @didoharding wants to run our #NHS!  #TrackAndTrace #COVID #DeadCat https://t.co/hSmMDu5iff",NHS,Twitter for Android,1045865004,Jane üíô,Jane01010,,NONE,Optimistic me eclipses pessimistic me ... most times.,None,FALSE,167,141,3,12/29/2012 20:16,14219,None,FALSE,FALSE,9748,None,NONE,FALSE,FALSE,None,None,None,None,FALSE,49,51
6/24/2021 19:59,1.41E+18,Misinformation,It's true:  1/  #Covid has never been isolated.  2/ - the #PCRtest is a fraud.  3/ - The vaccine doesn't meet clinical standards 4a 'vaccine' - it alters your genes.  ** Waking up yet or believing #Media + #government lies still?  #CovidWasAnInsideJob #Agenda21  #OntarioVaccine https://t.co/eP0HqvHgu6,Covid,Twitter Web App,34107577,Barry Dutton | #Liberty Maximalist $BTC $CEL $ETH,BarryDutton,#Canadastan | #TaxationIsTheft,NONE,REALTOR¬Æ since 1991 | #Bitcoin #SoundMoney #Crypto #Blockchain $Gold $Silver #Freedom #Liberty #CelsiusNetwork #CEL #PropertyRights #Bushcraft enthusiast,https://t.co/3WhrqWIkTX,FALSE,2871,4108,0,4/22/2009 0:24,6079,None,FALSE,FALSE,24350,None,NONE,FALSE,FALSE,None,None,None,None,TRUE,0,1
6/25/2021 19:20,1.41E+18,Misc,"#Vaccines have proven to work against #COVID-19.   To help keep everyone safe, we created NowAware: A simple, accessible &amp; highly accurate detection process that, in conjunction with the deployment of the vaccine, will help bring the spread of COVID-19 to an end https://t.co/fdk7Qy4Stj",Vaccines,TweetDeck,1.25E+18,NowAwarekit,nowawarekit,"Lowell, MA",NONE,"The Reliable, Rapid Result Coronavirus Test Kit",https://t.co/BT12qp8L2x,FALSE,14,4,0,3/31/2020 15:46,3,None,FALSE,FALSE,2479,None,NONE,FALSE,FALSE,None,None,None,None,FALSE,0,0
6/25/2021 18:34,1.41E+18,Credible,#COVID19TN Covid positive cases today in TN 5755 Individuals Tested 168406 TPR in TN is 3.42%. TPR dipped. TPR yesterday 3.68%. Fatality dipped. Follow appropriate covid protocols. Stay home Stay safe. Avoid third wave #CovidVaccine #COVID #Corona #DeltaPlusVariant https://t.co/cPfZ7oiwqK,COVID19TN,Twitter for Android,1.30E+18,AIIEAchennai1,iceuchennaidiv1,,NONE,unity is our strength,None,FALSE,194,193,0,8/28/2020 7:44,206,None,FALSE,FALSE,392,None,NONE,FALSE,FALSE,None,None,None,None,FALSE,1,0
6/25/2021 16:54,1.41E+18,Credible,45k+ New #Covid cases Reported today in India.  (60k recovered)  Stay Safe.. Be Vaccinated üëç  #CovidIndia #COVID19India,Covid,Twitter for Android,3316848282,TollywoodBoxoffice.IN,TBO_Updates,Hyderabad,NONE,"Official Twitter Handle of https://t.co/2DkwTB9VIi, Portal for Tollywood News, Boxoffice Updates.  Contact us at info@tollywoodboxoffice.in",https://t.co/ZHgk2srDSu,FALSE,16625,273,25,8/16/2015 14:07,1255,None,TRUE,FALSE,8602,None,NONE,FALSE,FALSE,None,None,None,None,FALSE,3,25
6/25/2021 16:21,1.41E+18,Credible,Breaking now: the ministry states that pregnant women can get the vaccine and the jab is safe for them and their child.  #Covid #Covid19 #Immunise #Vaccine #VaccineForAll #VaccineNews #VaccineUpdates #India #VacineUpdatesIndia #women #womenhealth #mothers #pregnant https://t.co/m3x4drg7fP,Covid,Twitter for Android,1.40E+18,immunise.in,immunise_india,,NONE,"Verifiable & scientific information by public health experts & doctors in 12 languages on Covid19 vaccine for India. Solving vaccine access, equity & hesitancy.",https://t.co/JJI31oB3d2,FALSE,18,8,0,6/8/2021 10:51,9,None,FALSE,FALSE,68,None,NONE,FALSE,FALSE,None,None,None,None,FALSE,0,2
6/25/2021 15:53,1.41E+18,Credible,"Premier Alan #Winde has called on residents to be safe over the weekend, as the chances of getting infected with #Covid-19 are greater now than in previous weeks. The Western Cape recorded nearly 1 700 new Covid-19 cases over the last 24 hours. #Smile904FMNews",Winde,Fabrik.fm,872016284,Smile90.4 FM,Smile904FM,"Cape Town, South Africa",NONE,"Smile 90.4FM is a bilingual radio station offering entertainment, information + inspiration to the Cape Metropole. Studio: 0861 99 00 44 Whatsapp: 082 9 904 904",https://t.co/gs1g4xOBWB,FALSE,11850,1378,54,10/10/2012 15:38,3391,None,TRUE,FALSE,21639,None,NONE,FALSE,FALSE,None,None,None,None,FALSE,0,0
6/25/2021 14:33,1.41E+18,Misinformation,"This is enlightening. About time the truth came out. Just 6% of deaths were attributed to #covid Yet @BBCNews @SkyNews etc harps on every day about thousands testing positive, and deaths within 28 days of pcr test, no matter the ACTUAL cause, nothing said on jab side effects! https://t.co/s0mWhOK1pc",covid,Twitter for Android,450870940,Fiona Anderson,FionaLegal,"Wokingham, England",NONE,Elected public Governor of an NHS Hospital FT in South England. Writer/Researcher/ Nature Photographer. ‚ù§ cats. LL.B (Hons) grad. Stands up for what's right...,https://t.co/CaSUWIHiGk,FALSE,327,1652,8,12/30/2011 19:19,6069,None,TRUE,FALSE,15131,None,NONE,FALSE,FALSE,None,None,None,None,TRUE,0,1
6/25/2021 10:55,1.41E+18,Credible,CDC links Pfizer Covid vaccine to heart inflammation - latest update and symptoms to spot  https://t.co/nGvloF4VzT  #COVID #CovidVaccine #Pfizer #Covid19UK #Covid19 #Covid_19 #UK #eu,COVID,Twitter for iPhone,2418922083,Villain üí´üè¥Û†ÅßÛ†Å¢Û†Å•Û†ÅÆÛ†ÅßÛ†Åøüá¨üáßüá¶üá∫üá®üá¶üá≥üáøüá∫üá∏,Villain1982,Villain Park üè¥Û†ÅßÛ†Å¢Û†Å•Û†ÅÆÛ†ÅßÛ†Åø,NONE,Aston Villa F.C - U.K. Exit From EU - 2021 ü•Ç,None,FALSE,268,240,7,3/18/2014 1:39,43614,None,FALSE,FALSE,28436,None,NONE,FALSE,FALSE,None,None,None,None,FALSE,1,1
6/25/2021 7:46,1.41E+18,Credible,SARS-CoV-2 infection pathogenesis is related to oxidative stress as a response to aggression' https://t.co/mb66AWkpuH  #CovidVaccine #Covid   'Oxidative Stress and Endometriosis https://t.co/qyxIzioFre  'Are Covid vaccines causing period problems? https://t.co/gEvzUr6cV1,CovidVaccine,Twitter for Android,463244647,Elizabeth Maiden,Fair_Maiden7,"Yorkshire, England",NONE,"Realistic idealist, frustrated with politics, religion and liars in general. ‚ÄúVery Voluntarily Persona Non Grata‚Äù Very into facts. INFP.",None,FALSE,474,255,2,1/13/2012 22:03,4931,None,FALSE,FALSE,10250,None,NONE,FALSE,FALSE,None,None,None,None,FALSE,0,0
6/24/2021 17:56,1.41E+18,Credible,"There are other side effects  following #COVID-19 vaccines are #fatigue, a #fever, #headaches, body aches, chills, #nausea, #diarrhea, and pain at the site of injection, according to the World Health OrganizationTrusted Source. https://t.co/amz1Py2lDg",COVID,Twitter Web App,110838368,Adino Adonai,Adinoadonai,los angeles,NONE,"artist, musician,counselor, humanitarian, philosopher, priest (not Joel Osteen)
 A servant of humanity!",https://t.co/7VEEuqfE4K,FALSE,381,142,23,2/2/2010 23:14,423,None,TRUE,FALSE,42099,None,NONE,FALSE,FALSE,None,None,None,None,TRUE,0,0
6/24/2021 17:43,1.41E+18,Misinformation,She says one death could occur out of 1 million people who are not vaccinated! And mild side effects shouldn't stop that!   1 million shots given to persons with unknown heart issues will be higher than that! Enough isnt known at this point how #Covid effect the ‚ù§Ô∏è heart! https://t.co/IPZeALk7u7,Covid,Twitter Web App,110838368,Adino Adonai,Adinoadonai,los angeles,NONE,"artist, musician,counselor, humanitarian, philosopher, priest (not Joel Osteen)
 A servant of humanity!",https://t.co/7VEEuqfE4K,FALSE,381,142,23,2/2/2010 23:14,423,None,TRUE,FALSE,42099,None,NONE,FALSE,FALSE,None,None,None,None,TRUE,0,0
6/24/2021 14:38,1.41E+18,Credible,"But I was told, I was a conspiracy theorist, for even mentioning this treatment? Why would this effective treatment not be used?  instead they injected the population with a jab that‚Äôs new and no one knows the long term side effects ü§∑üèª‚Äç‚ôÄÔ∏è  Nothing makes sense!! #Covid https://t.co/0uqgnLGirm",Covid,Twitter for iPad,53013955,Sarah A üå∏,sarahandrews77,worcestershire UK,NONE,#OriginalBrexiteerüè¥Û†ÅßÛ†Å¢Û†Å•Û†ÅÆÛ†ÅßÛ†Åøüè¥Û†ÅßÛ†Å¢Û†Å≥Û†Å£Û†Å¥Û†Åøüè¥Û†ÅßÛ†Å¢Û†Å∑Û†Å¨Û†Å≥Û†ÅøüáÆüá™üá¨üáß #SilentMajority. #DefundTheBBC #ReformNHS #VaccineRefusenik #freethinker,None,FALSE,6425,6419,29,7/2/2009 8:56,43294,None,TRUE,FALSE,14913,None,NONE,FALSE,FALSE,None,None,None,None,TRUE,1,2
6/24/2021 13:06,1.41E+18,Misc,I just wanted to say 30% of the people I know have had horrible side effects from the #vaccine I only know 2 people who have got #covid so I know more people affected by the #vaccine then #covid,vaccine,Twitter for iPhone,2281406539,Andy Harris,AndyHar36971693,Omaha NE,NONE,realtor & Husband,None,FALSE,32,110,0,1/8/2014 1:31,1614,None,FALSE,FALSE,740,None,NONE,FALSE,FALSE,None,None,None,None,FALSE,0,0
6/24/2021 10:44,1.41E+18,Misc,"üö® Car insurance might be void if you have an accident caused by the side effects of a coronavirus vaccine, lawyers warn. üëá  https://t.co/pNqBfdrKVQ #Covid #Covid19 #Coronavirus #Lockdown #Vaccine #Insurance #uk",Covid,Twitter Web App,266067803,Infinite Idiocracy,Infinite_Ennui,,NONE,Ego Odi Hypocrisis,None,FALSE,998,987,15,3/14/2011 16:00,190147,None,FALSE,FALSE,81111,None,NONE,FALSE,FALSE,None,None,None,None,FALSE,0,0
6/24/2021 10:02,1.41E+18,Misinformation,"(YouGov):What side effects of the #COVID-19 vaccine have #Britons experienced? : Four in ten vaccine recipients report no side effects at all As the coronavirus vaccination programme continues apace, a YouGov survey conducted on .. #TrendsSpy https://t.co/glsSI5e1TT https://t.co/5qzF4iPGXu",COVID,Newsoneplace To Twitter,3534222021,NewsOnePlace.com,newsoneplace,,NONE,"https://t.co/WWMmIkl7DB is a news aggregator, it gathers news from different sources around the UK and the world, 24/7 automatically. All news in one place. #TrendsSpy",https://t.co/ojosfP11T7,FALSE,790,136,1504,9/3/2015 13:15,12,None,FALSE,FALSE,1450360,None,NONE,FALSE,FALSE,None,None,None,None,FALSE,0,0
6/24/2021 2:58,1.41E+18,Credible,The W.H.O. Is recommending NOT to vaccinate children and Young People! The Risk are Too HIGH &amp; side effects unknown! Facebook censoring! ‚ò†Ô∏è‚ò†Ô∏è‚ò†Ô∏è Wake up People!   #Covid #ChinaVirus #CCPVirus #Vaccine #Vax #Jab #ExperimentalDrug #WHO üíÄüíÄüëáüëáüëá https://t.co/GOybYwRxYv,Covid,Twitter for iPad,1.35E+18,RRowe,RRowe74038797,"Texas, USA",NONE,"Flightsim enthusiasts, Digital Combat Simulator, Private Pilot, Proud Disabled USCG veteran, conservative, Christian!",None,FALSE,76,351,0,1/11/2021 2:20,7522,None,FALSE,FALSE,3492,None,NONE,FALSE,FALSE,None,None,None,None,FALSE,1,3
6/25/2021 17:36,1.41E+18,Credible,"TMC MP #MimiChakraborty  and more than 250 others had taken a #Covid-19 vaccine at the fake vaccination centre run by Debanjan Dev, who identified himself as an IAS officer. He was arrested. @mimichakraborty #fakevaccinationcamp  https://t.co/BYLQqhmSrz via @utkaltoday",MimiChakraborty,Twitter for Android,1.25E+18,Utkal Today,utkaltoday,"Bhubaneshwar, India",NONE,"New age media company focusing on social issues, politics, culture, international relations, Science etc.",https://t.co/8ugSGat0jb,FALSE,64,207,0,4/14/2020 12:14,56,None,FALSE,FALSE,4142,None,NONE,FALSE,FALSE,None,None,None,None,FALSE,0,0
6/25/2021 8:01,1.41E+18,Credible,The Bombay High Court on Thursday directed both the state and the BMC to file affidavits to state the new policy guidelines to ensure there is no repeat of the fake vaccination camps that occurred in  #covid #vaccine #health https://t.co/M3nflNTk4H,covid,Twitter for iPhone,1.18E+18,NewsHamster,NewsHamster1,"Bengaluru, India",NONE,"Official handle of NewsHamster Latest updates and neutral news Brought to you by, freedom of speech and expression. RT doesn't equate to endorsement or like.",https://t.co/FPSFG5n1K4,FALSE,167,388,1,10/10/2019 15:01,1059,None,FALSE,FALSE,2855,None,NONE,FALSE,FALSE,None,None,None,None,FALSE,0,0
6/25/2021 6:37,1.41E+18,Credible,"Over 2,000 in Mumbai duped in fake vaccine drives, says govt #fake #vaccine #mumbai #maharashtra #covid #counterfeit #anticounterfeiting #ktpil #trackpack https://t.co/ySgzE6tUYy",fake,Twitter Web App,3010939058,Arun Agarwal,ArunKTPIL,,NONE,"MD of @KTPIL, Vice President @ASPAGlobal. Views are my own.",https://t.co/QCm4ayOMDe,FALSE,22,95,0,2/6/2015 6:24,71,None,FALSE,FALSE,165,None,NONE,FALSE,FALSE,None,None,None,None,FALSE,1,0
6/25/2021 6:20,1.41E+18,Misinformation,"Africa‚Äôs biggest seizure to date of 500,000 fake #Chinese #COVID-19 vaccines, is latest setback in uphill battle to combat 3rd wave with legitimate inoculation doses - https://t.co/2EK3AyQwzg",Chinese,Hootsuite Inc.,3402412635,ADF Magazine,ADFmagazine,Africa,NONE,"Africa Defense Forum (ADF) magazine is a security affairs journal that focuses on all issues affecting peace, stability, and good governance in Africa.",https://t.co/eiFtgoUia6,FALSE,1353,338,31,8/4/2015 9:19,642,None,FALSE,FALSE,16262,None,NONE,FALSE,FALSE,None,None,None,None,FALSE,0,0
6/24/2021 20:44,1.41E+18,Misc,"Young people citing fake medical conditions to get an early jab, GGD hardly checks https://t.co/4w2VbPxjPu #CoronaCheck #Covid #india #news #vaccine #Europe",CoronaCheck,Twitter for iPhone,1.37E+18,Abhi,abhiscien,,NONE,A composed scientist| travel enthusiast|walker|outdoorsman|porch gardener|my pics ¬© |üå≤‚úàÔ∏èüöÜüöùüé¢ü•¢#travel #photography #world #india üáÆüá≥,None,FALSE,0,33,0,3/10/2021 6:04,6,None,FALSE,FALSE,89,None,NONE,FALSE,FALSE,None,None,None,None,FALSE,0,1
6/24/2021 19:00,1.41E+18,Credible,A fake #COVID vaccination camp was allegedly held in Kasba area of #Kolkata in West Bengal on Tuesday triggering concerns among people who took the 'fake' jab.   https://t.co/xd4T5LUU42,COVID,Twitter Web App,3638215945,Mirror Now,MirrorNow,India,NONE,MIRROR NOW's Mission: Demand accountability and relentlessly drive improvement by addressing everyday issues.,https://t.co/OujxBx98Ll,FALSE,101870,24,356,9/21/2015 13:31,1,None,FALSE,TRUE,123721,None,NONE,FALSE,FALSE,None,None,None,None,FALSE,2,4
6/24/2021 12:46,1.41E+18,Misinformation,"How some corrupted #tanzanians people can start lie about #covid whereas in USA everybody know that all about this fake pandemic was false ? #Fauci lied about #Vaccine, #mask, #treatments, #LockDown, danger of #covid... Eh guys, it is too late to start propaganda... #FauciEmails https://t.co/raMtb8bpyG",tanzanians,Twitter for Android,1.36E+18,Truth About Covid,Vaccineinauwa,,NONE,Truth- Ntasema Ukweli- Vaccine inauwa Vaccine ni mbaya. Telegram : https://t.co/njWepb7a5t Let's join us on telegram to share information.,https://t.co/njWepb7a5t,FALSE,280,1441,0,1/29/2021 10:13,186,None,FALSE,FALSE,437,None,NONE,FALSE,FALSE,None,None,None,None,FALSE,1,2tweet_created_at,id_str,tweet_text,hashtags,source,user_id_str,user_name,user_screen_name,location,profile_location,user_profile_description,url,protected,followers_count,friends_count,listed_count,profile_created_at,favorites_count,utc_offset,geo_enabled,verified,statuses_count,lang,status,contributors_enabled,is_translation_enabled,tweet_geo,tweet_coordinates,tweet_place,tweet_contributors,tweet_is_quote_status,tweet_retweet_count,tweet_favorite_count
6/25/2021 20:29,1.41E+18,Credible,"COVID-19 BY THE NUMBERS 7:00 P.M. ET, JUNE 24, 2021   reported 7-day change -33%  Deaths + 27%  Hospitalized -20%  #Covid #Canada https://t.co/UrgjZzjlaJ",Covid,Twitter Web App,257120803,chris west,cwest0583,St. Marys Ontario Canada,NONE,"Director, AllRoads Dodge Jeep Ram Chrysler  https://t.co/hfd6oHaUDt ; Director Goals childrens breakfast program; Board Member Transport Action Ontario",https://t.co/hfd6oHaUDt,FALSE,2566,3070,100,2/24/2011 19:38,144,None,TRUE,FALSE,21266,None,NONE,FALSE,FALSE,None,None,None,None,FALSE,0,0
6/25/2021 20:12,1.41E+18,Misinformation,"Pakistan put on UKs travel red list is another example. Pakistan sustained and contained #COVID. India who had the delta variant remained off the list. On 4th of May India had reported  382,146 new cases &amp; Pakistan reported 0. Pakistan was on red list and India wasn‚Äôt.",COVID,Twitter for iPhone,64072954,Shezreh Mirza,ShezrehMirza,Karachi and Badin,NONE,"Associate Lawyer at Ministry of Law and Justice. Proud Spartan, Major Economics & Public Policy. LLM-LPC. #GYC2012 #CYP2012 #ILCC2019",None,FALSE,37326,1245,138,8/9/2009 0:21,4704,None,TRUE,FALSE,50327,None,NONE,FALSE,FALSE,None,None,None,None,FALSE,2,12
6/25/2021 20:05,1.41E+18,Credible,"With #COVID -19, we know that Black communities have been more devastated. More than 23 % of all reported COVID-19 deaths are of Black people in the USA. However, Canada has still not collected specific race-based data in #maternalmortality with #covid.  https://t.co/53RotWgOzW",COVID,Twitter for iPhone,2907068391,Sandra Mutilva,SandraMutilva,"Ottawa, Ontario. ",NONE,Ph.D.(c) Organizational Leadership. MBA. Healthcare Innovator. Entrepreneur. Martial Arts practitioner. Amateur Astronomist & Sommelier. Emeritus Midwife.,https://t.co/1iHawvaLGD,FALSE,88,64,7,12/6/2014 1:00,4119,None,TRUE,FALSE,1722,None,NONE,FALSE,FALSE,None,None,None,None,FALSE,0,0
6/25/2021 19:03,1.41E+18,Credible,"‚ÄúOfficials reported 17 new cases on Friday, taking the cluster to 65 cases. It is the first lockdown in #Australia largest city since December. The country has consistently maintained very low rates of #Covid transmission.‚Äù ‚Å¶@BBCWorld‚Å© #DeltaVariant https://t.co/tdWSykAAvK",Australia,Twitter for iPhone,1229675046,Christina Ayiotis,christinayiotis,United States,NONE,#CyberExecutive #GeneralCounsel #MotherOfMathGoddess #Cook #WorldTraveller #InfoSec #Privacy #CyberEvangelist #DiversityAdvocate #AI #CyberRiskManagement,https://t.co/yXrcODm2wH,FALSE,3607,3598,658,3/1/2013 12:17,61262,None,TRUE,FALSE,109769,None,NONE,FALSE,FALSE,None,None,None,None,FALSE,1,1
6/25/2021 18:21,1.41E+18,Credible,"Lancaster County COVID Numbers (06/25/21):  Total Deaths: 1,163 Deaths reported today: 0 Total Cases: 55,386 Cases reported today: 6 Mortality Rate: 2.10% (PA= 2.28%, Natl= 1.80%) Total Tests: 216,139 Tests reported today: 176 % today's tests positive: 3.41% #COVID",COVID,Twitter Web App,3008955041,Zak Gregg,ZakGregg,"Lancaster, PA",NONE,"Queer,  he/him/grandpa, Still aggregating COVID numbers in Lancaster County, Proud @LancStandsUp Member. Thoughts are my ownüòÅ.",https://t.co/gfj4PflLIe,FALSE,261,130,5,2/1/2015 1:10,2660,None,TRUE,FALSE,2314,None,NONE,FALSE,TRUE,None,None,None,None,FALSE,0,0
6/25/2021 18:04,1.41E+18,Credible,"#Covid Watch: Numbers and Developments  The number of reported #coronavirus  cases from India stood at 3,01,66,593 at the time of publishing this newsletter, with the death toll at 3,93,887.Hindu",Covid,Twitter Web App,112811227,dn.rath@gmail.com,dn_rath,Ahmedabad,NONE,"Social Activist, write on social,political,cultural issues.HumanRight,people's movement Believe in Marxism,progressive literature,art& culture,Anti Imperialism,",None,FALSE,470,2484,0,2/9/2010 19:52,4418,None,FALSE,FALSE,32670,None,NONE,FALSE,FALSE,None,None,None,None,FALSE,0,0
6/25/2021 17:30,1.41E+18,Credible,"#Covid-19: #Andaluc√≠a lowers its incidence rate for the fifth day in a row to 165.2  Some 1,328 new positive cases of #coronavirus have been reported, along with two deaths in the @AndaluciaJunta region  https://t.co/Alar9rpyLe",Covid,TweetDeck,869818514,SUR in English,SUR_English,"Malaga, Spain",NONE,"SUR in English, the English-language newspaper for Southern Spain.",https://t.co/DLogVUwLhd,FALSE,5750,663,123,10/9/2012 12:42,419,None,TRUE,FALSE,12111,None,NONE,FALSE,FALSE,None,None,None,None,FALSE,1,1
6/25/2021 16:54,1.41E+18,Credible,45k+ New #Covid cases Reported today in India.  (60k recovered)  Stay Safe.. Be Vaccinated üëç  #CovidIndia #COVID19India,Covid,Twitter for Android,3316848282,TollywoodBoxoffice.IN,TBO_Updates,Hyderabad,NONE,"Official Twitter Handle of https://t.co/2DkwTB9VIi, Portal for Tollywood News, Boxoffice Updates.  Contact us at info@tollywoodboxoffice.in",https://t.co/ZHgk2srDSu,FALSE,16623,273,25,8/16/2015 14:07,1255,None,TRUE,FALSE,8602,None,NONE,FALSE,FALSE,None,None,None,None,FALSE,3,25
6/25/2021 16:51,1.41E+18,Credible,"#Goa | 222 new #COVID cases, 277 recoveries and 5 deaths reported in the last 24 hours.  Active cases: 2667 Total recoveries: 1,59,954  Death toll: 3027  #CoronaVirusUpdates #COVID19 #CoronaPandemic https://t.co/gvSDhqVaCL",Goa,Twitter for Android,1.11E+18,First India,thefirstindia,"Jaipur, India",NONE,Welcome to the Official Twitter page of First India Newspaper. Follow us for the latest updates. #FirstIndia | üì±Download App: https://t.co/ttcbQyyCKj,https://t.co/vkIswW9aBZ,FALSE,7425,231,19,4/4/2019 10:16,239,None,TRUE,FALSE,88614,None,NONE,FALSE,FALSE,None,None,None,None,FALSE,0,0
6/25/2021 16:36,1.41E+18,Credible,"#Rajasthan #CoronaUpdate  131 #COVID cases reported Out of which 12 from #Jaipur Today's #Recovered‚úÖ277.  No death for the 2nd consecutive day.  State has consistently done well to bend Covid curve.  Disciplined behaviour, following rules is required to win this battle. üëèüëèüëè",Rajasthan,Twitter for Android,2844745946,Mr Kumawat Ji ‚ú™,MrKumawatJi,"Jaipur, India",NONE,CEO & Founder : @AKGJAIPUR Businessman Bussiness Coach Motivational Speaker,https://t.co/HY1Wq3Skoy,FALSE,410,557,0,10/7/2014 20:57,9322,None,TRUE,FALSE,2384,None,NONE,FALSE,FALSE,None,None,None,None,FALSE,0,1
6/25/2021 15:36,1.41E+18,Misinformation,"Maharashtra - ‚Ä¢ 9,677 new Covid cases in the state today ‚Ä¢ 156 #COVID-19 deaths reported in the state today.",COVID,Twitter Web App,140334695,Satya Prakash Sharma,mumbaireporter,Mumbai,NONE,"Journalist @Republic @Republic_Bharat Former Correspondent at India News @inkhabar satyanews@gmail.com   ‡§µ‡§ø‡§ö‡§æ‡§∞ ‡§®‡§ø‡§ú‡•Ä ‡§π‡•à, ‡§∏‡§®‡•ç‡§∏‡•ç‡§•‡§æ‡§® ‡§ï‡•á ‡§®‡§π‡•Ä !",https://t.co/Vw163uRZnD,FALSE,531,1859,5,5/5/2010 6:57,2062,None,TRUE,FALSE,6076,None,NONE,FALSE,FALSE,None,None,None,None,FALSE,0,2
6/25/2021 15:20,1.41E+18,Credible,"#COVID19 ALERT: Gov. Murphy says there were 0 reported in-hospital #COVID deaths in #NewJersey yesterday, for the first time since July 2020. https://t.co/F1pTVm3Q5L",COVID19,TweetDeck,18917882,News12NJ,News12NJ,New Jersey,NONE,"24/7 Hyper-local breaking news, weather, traffic and more. Download our app or go to https://t.co/qOzTZWuxjH for updates. For news tips, call (732) 346-3270. #NewJersey",https://t.co/nxODMQxuH0,FALSE,483325,491,1743,1/12/2009 22:13,866,None,TRUE,TRUE,88726,None,NONE,FALSE,FALSE,None,None,None,None,FALSE,17,129
6/25/2021 14:46,1.41E+18,Misc,"No substantial #COVID outbreaks' reported after mass test events, report finds. https://t.co/PzAloBauwo https://t.co/OpYRGEZbdf",COVID,Twitter for iPhone,617029017,Graham Scambler,GrahamScambler,,NONE,"Sociologist. Emeritus Prof, UCL, and Visiting Prof, Surrey University; theory, politics, health, sport, jazz, art; atheist, republican, socialist. Own views.",https://t.co/gtKFDfLf3c,FALSE,7423,2793,338,6/24/2012 9:18,53584,None,FALSE,FALSE,143404,None,NONE,FALSE,FALSE,None,None,None,None,FALSE,0,0
6/25/2021 14:34,1.41E+18,Credible,"#Bengaluru reported  new 614 #COVID19 cases and 17 #covid deaths on Thursday (24-06-2021, 00:00 to 23:59) https://t.co/UpRS9sLOWg",Bengaluru,Twitter Web App,1.26E+18,Bangalore 247,247Bangalore,Bengaluru,NONE,"Bangalore 247 is an online news portal based in Bengaluru, karnataka. Stay tuned to get more updates!",https://t.co/A77SvpdGJy,FALSE,617,91,2,5/19/2020 6:46,0,None,FALSE,FALSE,1414,None,NONE,FALSE,FALSE,None,None,None,None,FALSE,0,2
6/25/2021 13:11,1.41E+18,Credible,‚ÄúCOVID Cases have decreased recently and are at a moderate level. The number of hospitalized #Covid patients has also fallen in the Suffolk County area‚Äù  31 New Covid Cases Reported  NYT,Covid,Twitter Web App,1140183523,Ipomea,Santanumalbum,"Long Island, New York",NONE,Adopt a #Dog or #Cat from a shelter - Bring more love and joy into your life today - Please RETWEET for all animals looking for #Adoption. #URGENT PODR,None,FALSE,2550,5004,37,2/1/2013 16:46,32225,None,FALSE,FALSE,148045,None,NONE,FALSE,FALSE,None,None,None,None,FALSE,0,0
6/25/2021 13:03,1.41E+18,Credible,"#Rajasthan #CoronaUpdate  131 #COVID cases reported Out of which 12 from #Jaipur Today's #Recovered‚úÖ277  No death for the 2nd consecutive day  State has consistently done well to bend Covid curve  Disciplined behaviour, following rules is required to win this battle üò∑üß¥üëèüßç‚Äç‚ôÄÔ∏è__üßç‚Äç‚ôÄÔ∏è",Rajasthan,Twitter Web App,109504853,Lokesh Sharma,_lokeshsharma,"Jaipur, India",NONE,"OSD to Hon‚Äôble CM, Rajasthan | Man On A Mission. Tweets are personal, RTs do not imply endorsement.",None,FALSE,51163,640,41,1/29/2010 8:01,47331,None,FALSE,TRUE,18135,None,NONE,FALSE,FALSE,None,None,None,None,FALSE,112,325
6/25/2021 12:20,1.41E+18,Credible,New #COVID19 variant called delta+ entered in India.  Gujarat reported 2 new cases of that #COVID variant in Surat &amp; Vadodara  Be careful #StayHomeStaySafe,COVID19,Twitter for Android,1.29E+18,Aditya_9588 üéó,comefeelme_9588,,NONE,Political Stand Is Negative. Aditya M Thakkar. Love To Learn Physics. Indian Cricket Team Fan üíô Lionel Messi üêê  Football Is Emotion Barcelona Forever,None,FALSE,190,252,1,7/27/2020 13:05,8335,None,TRUE,FALSE,181,None,NONE,FALSE,FALSE,None,None,None,None,FALSE,0,0
6/25/2021 15:07,1.41E+18,Misc,"Well. I have another unwanted #Covid aftermath issue I have to deal with. With a weakened immune system, I developed a severe sinus infection that helped kill the root systems of my upper molars. And this afternoon, I have to have them pulled &amp; I am super nervousüò¨ #FridayVibes",Covid,Twitter for iPad,361568060,CATHERINE BRIGHTONüå∫,cath_brighton,National Capital Region,NONE,Just Thankfulüåπ,None,FALSE,696,654,12,8/25/2011 0:15,40104,None,FALSE,FALSE,16411,None,NONE,FALSE,FALSE,None,None,None,None,FALSE,0,0
6/25/2021 15:01,1.41E+18,Misc,"We're thankful to @WADeptHealth (supported by @UW) for their work in creating &amp; studying an effective &amp;, most importantly, life-saving #Covid tracking app. Rd more by @schubertcm at @geekwire https://t.co/8yhViUIgf5  #biotech #healthcare",Covid,Hootsuite Inc.,1.09E+18,s2s Public Relations & Communications,s2sPRComms,"Seattle, WA",NONE,Driving growth for impact technologies by igniting greater awareness of their value,https://t.co/MMeyekTAJG,FALSE,141,634,1,2/4/2019 19:43,937,None,FALSE,FALSE,448,None,NONE,FALSE,FALSE,None,None,None,None,FALSE,0,0
6/25/2021 13:26,1.41E+18,Misc,"#Manufacturing output in #Singapore saw a huge jump in May, helped by a low base a year ago amid #Covid-19 circuit breaker measures.‚ÄìThe Straits Times  https://t.co/XSRZnosj4L",Manufacturing,Twitter for Android,7.94E+17,Asia Customs & Trade,Asia_Customs,,NONE,Portal on customs and trade developments affecting global trade and customs compliance in Asia.  ACT also conducts conferences on customs & trade regulations.,https://t.co/TX0RcGhCB6,FALSE,454,97,17,11/3/2016 5:01,100,None,FALSE,FALSE,6096,None,NONE,FALSE,FALSE,None,None,None,None,FALSE,0,0
6/25/2021 12:43,1.41E+18,Misc,"#Covid has helped addressing  bafflement and follow-up ‚Äúwhyyyyyy‚Äù questions easy:    Q: ‚ÄúWHYYYY are they changing [insert some easy and simple established process]?‚Äù    A: ‚Äúwell, covid.‚Äù",Covid,Twitter for iPhone,275605306,Kaveh Afshar üá®üá¶,KavehAfshar,"Ottawa, Ontario",NONE,Public servant who loves big bold ideas but is mostly a #data ü•ú leading #DataScience at #CBSA #CDO üëç/rt ‚â† endors - my views #gcdigital,https://t.co/HTR2b0uiVA,FALSE,325,782,7,4/1/2011 16:30,1801,None,TRUE,FALSE,653,None,NONE,FALSE,FALSE,None,None,None,None,FALSE,0,4
6/25/2021 12:30,1.41E+18,Misc,"The coronavirus pandemic helped reset the planet, giving the environment a chance to recover from the wear and tear of human activity. #covid #savetheearthüåé #savetreesüå¥ #savetheearth #doyourshare #maldives #AdduCity #climatecrisis #veshisaafu UN Environment Programme https://t.co/dDJRaqJOat",covid,Twitter Web App,1.14E+18,Veshisaafu ( saving mother earth),veshisaafu,Maldives,NONE,The causes and effects of plastic pollution are truly worldwide.  Taking immediate action against is a must for each and every individual to save earth.,None,FALSE,1644,4193,4,6/16/2019 14:19,4280,None,FALSE,FALSE,1733,None,NONE,FALSE,FALSE,None,None,None,None,FALSE,0,0
6/25/2021 12:00,1.41E+18,Misc,‚åõ It is still time to join Laura Grigori's talk on how urgent computing helped to tackle the #COVID-19 pandemic and which lessons were learned. üìÖ today 14:30 CEST Sign up for free: https://t.co/DJWoIdSvuQ @ISChpc #ISC2021 @Genci_fr @Cineca1969 @gcs_hpc @BSC_CNS,COVID,Sprout Social,334016754,PRACE,PRACE_RI,,NONE,Partnership for Advanced Computing in Europe - PRACE enables high impact scientific discovery and engineering research and development.,http://t.co/c2BqxjHOir,FALSE,4525,423,93,7/12/2011 13:06,2928,None,TRUE,FALSE,4001,None,NONE,FALSE,FALSE,None,None,None,None,FALSE,1,1
6/25/2021 11:30,1.41E+18,Misc,"The #DCGurugram (@DC_Gurugram) WhatsApp chatbot has helped solve 5,600 #COVID queries in less than 2 months. This helpline integrates a number of services onto a single helpline platform.  Send a #WhatsApp message to 9643277788 to get started.  (Supported by @WhatsApp) https://t.co/hvvRizoOY3",DCGurugram,Twitter Media Studio,37034483,NDTV,ndtv,India,NONE,Breaking news alerts from India.  Instagram: https://t.co/TDCRCVHlmd YouTube: https://t.co/ocjlisfywV,https://t.co/6yvEvvCmQi,FALSE,15747713,15,13406,5/1/2009 20:34,0,None,TRUE,TRUE,824835,None,NONE,FALSE,FALSE,None,None,None,None,FALSE,9,29
6/25/2021 8:38,1.41E+18,Credible,#Covid in #Under5s As #Tories neglect our #schoolchildren-heres a reminder of the effect of Covid infection on our #Nursery #Preschool and younger #toddlers and babies. #KawasakiDisease is nasty and isn't helped by antibiotics or painkillers  https://t.co/evcoqDSifa,Covid,Twitter for Android,1.37E+18,NewFutureHope,WiseGrandma2,"London, England",NONE,"#FBPE #FBPA #FBPR Social Democracy-not plutocracy. #Equality #Justice for women Gardener, Wildlife, Grandmother üëµ  #CancerSurvivor #PRDA Tweets are my opjnion.",None,FALSE,701,2532,0,3/2/2021 9:33,9784,None,FALSE,FALSE,13520,None,NONE,FALSE,FALSE,None,None,None,None,FALSE,0,0
6/25/2021 4:09,1.41E+18,Misc,#JustSaying #Food I am not an accomplished #chef I do not claim to be a good #cook As #househusband - I learnt cooking out of necessity - this helped me in #COVID #Lockdown #StayHome when 'Better Half' was #WFH My recipes are not perfect - and - on many occasions - my dishes flop https://t.co/hhC7m3SG1Q,JustSaying,Twitter for Android,1.17E+18,Commander Vikram W Karve,w_karve,,NONE,A Navy Veteran turned Writer and Blogger.,https://t.co/Ar9zkYS94M,FALSE,8185,3500,20,9/4/2019 8:33,59237,None,TRUE,FALSE,55566,None,NONE,FALSE,FALSE,None,None,None,None,TRUE,0,13
6/24/2021 14:48,1.41E+18,Misc,"Many Seafarers called us today and conveyed thanks to Indian Seafarers Help   We helped them for #Covid #Vaccine , Passport update in certificate / change from Aadhaar to Passport",Covid,Twitter for Android,1.22E+18,Indian Seafarer's Help,seafarers_help,,NONE,Email : action@seafarershelp.com,None,FALSE,3303,68,2,1/21/2020 6:54,375,None,FALSE,FALSE,660,None,NONE,FALSE,FALSE,None,None,None,None,FALSE,13,95
6/24/2021 13:54,1.41E+18,Misc,What a success! From Oct. to June our 219 Augusta Youth Art Studio hosted 150+ online classes for youth aged 14-29. Julia says'The routine of weekly meetings really helped me through #COVID.' https://t.co/KJCIh9YtBM,COVID,Hootsuite Inc.,336110255,The Neighbourhood Group Community Services (TNG),NeighbourhdGrp,Toronto Ontario Canada,NONE,"In 2020, St. Stephen's Community House joined Central Neighbourhood House & Neighbourhood Link Support Services in TNG: a non-profit helping people in Toronto.",https://t.co/I7EqAV8Li3,FALSE,4407,3123,110,7/15/2011 19:13,2197,None,TRUE,FALSE,9025,None,NONE,FALSE,FALSE,None,None,None,None,FALSE,0,6
6/24/2021 13:24,1.41E+18,Misc,"When @Patriots Hall of Famer Larry Eisenhauer was alive, he &amp; wife Lynn loved going to @AmericanLegion Hall in #Cohasset. After his 2020 death, Lynn donated money to the hall, which had been bequeathed in their will. It helped the post survive #Covid, allowing them to stay open. https://t.co/TEN2lDnNRu",Cohasset,Twitter for iPhone,534392656,Kim Tunnicliffe,KimWBZ,Boston,NONE,"Everyone has a story, my job is to tell it. WBZ Radio reporter, travel/theater/art enthusiast, cat/dog mom. Email tips to kimberlytunnicliffe@iheartmedia.com",None,FALSE,5123,4935,175,3/23/2012 15:07,661,None,TRUE,TRUE,7223,None,NONE,FALSE,FALSE,None,None,None,None,FALSE,1,1
6/24/2021 13:03,1.41E+18,Misc,"The #Gurkhas absolutely crushed it this Christmas! üí™   Helping out during an incredibly challenging time, they helped tackle mass #COVID testing of lorry drivers stranded in the UK! üò∑   https://t.co/dGBLRSPVR2",Gurkhas,Sprout Social,28893696,BFBS Radio,BFBSRadioHQ,Worldwide,NONE,Entertaining üéµ Informing üí¨ Connecting ü§ù Championing ‚úä Wherever you are üåè,https://t.co/3Rpm4SCCZJ,FALSE,31486,2426,325,4/4/2009 23:26,14333,None,TRUE,FALSE,32362,None,NONE,FALSE,FALSE,None,None,None,None,FALSE,1,10
6/24/2021 7:15,1.41E+18,Misc,Kerala: Communist goons butcher 25 pet-pigeons of an 11yo boy in Kerala coz his family had cooperated with Sewa Bharati.  His family helped Sewa Bharati to provide food to #Covid patients in the Maruthorvattam region in Cherthala.  Imagine media outrage if he was a Muslim. https://t.co/VIPDEdEJgL,Covid,Twitter Web App,81582883,Arun üáÆüá≥,arunpudur,Bharat üáÆüá≥ ,NONE,"#FreeHinduTemples Movement, Bursting Hindu Hate propaganda, Dharma, Entrepreneurship, and Politics. RT & Likes ‚â† Endorsement.",https://t.co/NeesjVeMQJ,FALSE,72400,203,159,10/11/2009 12:22,1996,None,TRUE,TRUE,19421,None,NONE,FALSE,FALSE,None,None,None,None,FALSE,86,157
6/23/2021 19:52,1.41E+18,Misc,".@OnReality_Check | 'UP government is hiding #Covid death figures; around 100 people died and no one from BJP helped, this government only cares about their seats': Akhilesh Yadav (@yadavakhilesh), National President of Samajwadi Party.  https://t.co/CH0BdC2Hyh",Covid,TweetDeck,249643872,NDTV Videos,ndtvvideos,,NONE,Videos from NDTV Newsroom,http://t.co/BD4KxuaSBv,FALSE,309743,10,334,2/9/2011 13:46,11,None,FALSE,TRUE,164790,None,NONE,FALSE,FALSE,None,None,None,None,FALSE,2,13
6/18/2021 18:19,1.41E+18,Credible,#ENGSCO #Indianvariant through the roof... Time for EU to shut all links to #UK regardless of vaccines...  DO NOT ALLOW YOUR COUNTRY TO GO BACK TO LOCKDOWN DUE TO THESE IDIOTS NO FLIGHTS FROM UK  NO SEA FROM UK  #Covid_19 #COVID #EU @MichealMartinTD @LeoVaradkar @MaryLouMcDonald https://t.co/ZTNFOpAvqF,ENGSCO,Twitter Web App,1.25E+18,Dr J #FBPE üåäüíôüíØüè¥Û†ÅßÛ†Å¢Û†Å≥Û†Å£Û†Å¥Û†ÅøüáØüá¥üá∫üá∏üáÆüá™üá™üá∫,DrJoeMcCarthy,Earth. 3rd Planet from Sun. ,NONE,Human. Free Thinker. Met Mandela. Personal. Family. Community. Funded Successful Drug to prevent Latent TB. Many Patents.,None,FALSE,4178,4871,4,4/9/2020 0:34,27598,None,FALSE,FALSE,45106,None,NONE,FALSE,FALSE,None,None,None,None,FALSE,2,2
6/18/2021 9:28,1.41E+18,Credible,#Pilots #deaths #sideeffects  #BA seem categorical about no link to vaccines. Will they explain how?  Both #covid #vaccines and long flights have links to thromboses - are intelligent people just supposed to deactivate curiosity? https://t.co/pYcX0lvtP6,Pilots,Twitter Web App,1.35E+18,WilliamCobbett,WilliamCobbett4,Joe Biden is a pedophile,NONE,Work of 18thC Swiss mathematician Leonhard Euler helped me prove electoral fraud - he's part of QAnon apparently. A British mutation living in Sweden.,https://t.co/su8o66gUjl,FALSE,254,857,8,1/25/2021 15:53,9842,None,FALSE,FALSE,3312,None,NONE,FALSE,FALSE,None,None,None,None,FALSE,2,2
6/25/2021 11:12,1.41E+18,Misc,‚Äú One antioxidant drug which has been tested for its ability to protect against radiation induced reactive oxygen species is Tempol. Tempol preserved lung architectures and decreased multiple inflammatory cytokines‚Äù in #COVID ARDS.  $ADMP    https://t.co/fhQqulS296 https://t.co/ELfAFulp0T,COVID,Twitter Web App,1.33E+18,TF 2,TonyFauci2,"Beaver Creek, Co. ",NONE,"HGEN will be Lifesaving in COVID Pneumonia  , ALT will allow us to remove our masks, MGTX will deliver Riboswitch-impacts all disease, & $IPIX could be Biggest.",None,FALSE,290,32,4,11/15/2020 22:20,1013,None,FALSE,FALSE,4040,None,NONE,FALSE,FALSE,None,None,None,None,FALSE,1,2
6/25/2021 10:55,1.41E+18,Credible,CDC links Pfizer Covid vaccine to heart inflammation - latest update and symptoms to spot  https://t.co/nGvloF4VzT  #COVID #CovidVaccine #Pfizer #Covid19UK #Covid19 #Covid_19 #UK #eu,COVID,Twitter for iPhone,2418922083,Villain üí´üè¥Û†ÅßÛ†Å¢Û†Å•Û†ÅÆÛ†ÅßÛ†Åøüá¨üáßüá¶üá∫üá®üá¶üá≥üáøüá∫üá∏,Villain1982,Villain Park üè¥Û†ÅßÛ†Å¢Û†Å•Û†ÅÆÛ†ÅßÛ†Åø,NONE,Aston Villa F.C - U.K. Exit From EU - 2021 ü•Ç,None,FALSE,268,240,7,3/18/2014 1:39,43614,None,FALSE,FALSE,28436,None,NONE,FALSE,FALSE,None,None,None,None,FALSE,1,1
6/23/2021 17:02,1.41E+18,Misc,"Researchers have used #artificial #intelligence to investigate network-based relationships between #COVID-19 and #Alzheimer‚Äôs disease, in the hope of informing therapeutic #treatments for both illnesses. https://t.co/Cv9uBDnqdL",artificial,HubSpot,1.09E+18,D4 Pharma,D4Pharma,London,NONE,A community of pharma and tech professionals using data-driven approaches to improve drug R&D. The mission of D4 is to create meaningful change for patients.,https://t.co/JJjizzZGi5,FALSE,702,1557,2,1/25/2019 12:16,107,None,FALSE,FALSE,395,None,NONE,FALSE,FALSE,None,None,None,None,FALSE,0,1
6/23/2021 15:27,1.41E+18,Misc,#Fraud #Modi #Kumbh #Covid #CovidIndia #COVIDEmergency2021   A Firm With Links to the #BJP Is at the Heart of the Kumbh #COVIDTesting Scam https://t.co/NGVHOUWzbe  @LaylaMoran @Zafarkhanjklf @JklfUk,Fraud,Twitter Web App,3370733723,Faiz,FAIZ1961,London,NONE,All views are my private views. Share of tweets in not endorsement of the tweets.,None,FALSE,936,2363,7,7/11/2015 13:04,8366,None,TRUE,FALSE,16976,None,NONE,FALSE,FALSE,None,None,None,None,FALSE,1,2
6/23/2021 15:20,1.41E+18,Credible,"Max Corporate Services, the company accused of conducting nearly one lakh fake #COVID tests during the recent Kumbh Mela in Haridwar, has links with the ruling BJP that might have played a role in its selection despite failing to make the grade earlier.'  https://t.co/NlGuLmrxKa",COVID,Twitter Web App,400046267,carin jodha fischer,carin__fischer,"Washington, DC",NONE,My heart is buried in wounded Kashmir...   German/ American who lived in IOK for ten years until exiled by Hindu Extremist regime in 2016. Nemesis: Ajit Doval,https://t.co/LNzKWIxvMA,FALSE,26843,2173,30,10/28/2011 12:35,71798,None,TRUE,FALSE,53715,None,NONE,FALSE,FALSE,None,None,None,None,FALSE,11,12
6/23/2021 6:39,1.41E+18,Misc,Scam alert for Digital COVID Passports‚Ä¶.. be alert to any unexpected emails with links to follow. Report any suspected phishing emails to report@phishing.gov.uk #COVID #cybersecurity #phishing #infosec #cybercrime #security https://t.co/eUYDziAYV7,COVID,Twitter for iPhone,1.33E+18,Cerberus Consultancy,ConsultCerberus,,NONE,"Security, Risk & Investigations Consultancy",https://t.co/SBa2aN6rwX,FALSE,7,101,0,11/24/2020 16:32,1,None,FALSE,FALSE,7,None,NONE,FALSE,FALSE,None,None,None,None,FALSE,1,3
6/22/2021 13:46,1.41E+18,Misc,"Retrospective study of paediatric #mucormycosis  just published. Study is based in #Turkey. Interesting read, especially with current links to #covid  https://t.co/0Z9tm24fJx",mucormycosis,Twitter Web App,493229714,LIFE Worldwide,LIFEworldwide,"Manchester, UK",NONE,"Free fungal education for clinicians worldwide: online courses, clinical lectures, latest research, treatment guidelines, diagnostics videos ü¶†üçÑüò∑ü•ºüë©‚Äç‚öïÔ∏èüë®‚Äç‚öïÔ∏è‚öïÔ∏èüíäüíâ",http://t.co/Vm8dy4swoZ,FALSE,1795,4997,9,2/15/2012 15:43,6125,None,FALSE,FALSE,1931,None,NONE,FALSE,FALSE,None,None,None,None,FALSE,6,18
6/21/2021 21:40,1.41E+18,Credible,"#COVAX Effort to Vaccinate the World Is Faltering. The international #collaboration does not have enough #COVID vaccine doses to meet its goals, so wealthy #countries must step up to fill the gap. https://t.co/MSdAOkTyNs",COVAX,Twitter Web App,2438685120,Paul Brown,pbrown4348,,NONE,"Paul Brown: human rights, overpopulation, mass extinction, global warming, corporate rule. Subscribe to esamizdat free email newslinks at pbrown4348@gmail.com.",None,FALSE,944,904,453,4/11/2014 15:30,169,None,FALSE,FALSE,147748,None,NONE,FALSE,FALSE,None,None,None,None,FALSE,0,1
6/21/2021 16:18,1.41E+18,Credible,üí•WAS #CENSORSHIP of #COVID TREATMENTS responsible for THOUSANDS of DEATHS from @Coronavirus?  New Study Links Ivermectin to ‚ÄòLarge Reductions‚Äô In COVID-19 Deaths https://t.co/vjlijgs2RH,CENSORSHIP,Twitter for Android,1.09E+18,@moderateRepandDem,moderateRepand1,"New Jersey, USA",NONE,üá∫üá∏#MAGA‚òòÔ∏èhttps://t.co/7ehvuOhOPS @NewDayForNJ #NJ #District3 #Constitution üáÆüá™#IRISH‚òòÔ∏è#REPUBLICANüá∫üá∏ #FREEDOM MY TWEETS MY OPINION-COPY if U WANT‚ôøRTs NOT CONDONE CON,None,FALSE,5689,6119,5,1/24/2019 21:48,37714,None,TRUE,FALSE,63327,None,NONE,FALSE,FALSE,None,None,None,None,FALSE,4,3
6/21/2021 15:24,1.41E+18,Misc,"Tonix announces a program to develop its lead candidate, TNX-102 SL, for the treatment of Long #COVID Syndrome, a condition of neurological symptoms that afflicts more than 30% of patients post-infection w/ #SARSCoV2. $TNXP plans to meet w/ FDA in 3Q'21. https://t.co/gdijALjWvF",COVID,Twitter Web App,374071770,Tonix Pharmaceuticals,TonixPharma,New York,NONE,"Developing novel therapies for CNS (pain, psychiatry, addiction) and immunological (vaccines, immunosuppression, oncology, autoimmunity) conditions $TNXP",http://t.co/TNuMRZbkO7,FALSE,6632,1128,46,9/15/2011 17:17,41,None,FALSE,FALSE,763,None,NONE,FALSE,FALSE,None,None,None,None,FALSE,9,44
6/18/2021 18:19,1.41E+18,Credible,#ENGSCO #Indianvariant through the roof... Time for EU to shut all links to #UK regardless of vaccines...  DO NOT ALLOW YOUR COUNTRY TO GO BACK TO LOCKDOWN DUE TO THESE IDIOTS NO FLIGHTS FROM UK  NO SEA FROM UK  #Covid_19 #COVID #EU @MichealMartinTD @LeoVaradkar @MaryLouMcDonald https://t.co/ZTNFOpAvqF,ENGSCO,Twitter Web App,1.25E+18,Dr J #FBPE üåäüíôüíØüè¥Û†ÅßÛ†Å¢Û†Å≥Û†Å£Û†Å¥Û†ÅøüáØüá¥üá∫üá∏üáÆüá™üá™üá∫,DrJoeMcCarthy,Earth. 3rd Planet from Sun. ,NONE,Human. Free Thinker. Met Mandela. Personal. Family. Community. Funded Successful Drug to prevent Latent TB. Many Patents.,None,FALSE,4178,4871,4,4/9/2020 0:34,27598,None,FALSE,FALSE,45106,None,NONE,FALSE,FALSE,None,None,None,None,FALSE,2,2
6/18/2021 15:55,1.41E+18,Credible,Israeli study links Vitamin D deficiency to risk of complications from #Covid  https://t.co/Vl7qWDVbEr,Covid,Twitter for Android,570927672,Markets Today,marketstodays,"Tamil Nadu, India",NONE,Latest Indian Stock markets and Global Markets related news.  Real-time information and updates.,None,FALSE,9262,60,109,5/4/2012 13:48,41969,None,FALSE,FALSE,447839,None,NONE,FALSE,FALSE,None,None,None,None,FALSE,0,1
6/25/2021 23:54,1.41E+18,Credible,It's not about the vaccinated ppl being asymptomatic or having mild/moderate symptoms; it IS about the fact that vaccinated ppl can spread the #DeltaVariant of #Covid to unvaccinated ppl!  üëÜüèæ That's the important part! Keep masks on! üò∑ https://t.co/vO2T9kuXeB,DeltaVariant,Twitter for Android,105902325,Margie Hearron (she/her),MLeeHearron,"Mississippi, USA",NONE,"Stalk my profile, plz. I'm too busy to write every interest I have. I do love sustainability üè≥Ô∏è‚Äçüåà ‚Ä¢ Consider donating to @BloodWater & @ClothOutreach",None,FALSE,71,155,20,1/17/2010 21:52,8362,None,FALSE,FALSE,19601,None,NONE,FALSE,FALSE,None,None,None,None,TRUE,0,0
6/25/2021 23:52,1.41E+18,Credible,"We must all realize the risk that #COVID19 still carries. Whether or not you are #Vaccinated, please take precautions. #WearAMask #AvoidCrowdedAreas #DontTouchYourFace #WashYourHands &amp; certainly #GetVaccinated. Anything and everything to reduce your exposure. #DeltaVariant #COVID https://t.co/HJ3Exvvloh",COVID19,Twitter for iPhone,275104144,"Ebony Jade Hilton, MD",EbonyJHilton_MD,"Charlottesville, VA",NONE,Co-Founder & Medical Dir. @GOODSTOCK_LLC Critical Care Anesthesiologist ‚ñ™Ô∏èPublic Speaker ‚ñ™Ô∏è Author ‚ñ™Ô∏è Inventor ‚ñ™Ô∏è Community Activist,https://t.co/vlfbbrxGWh,FALSE,22063,5602,163,3/31/2011 16:49,31757,None,FALSE,FALSE,21144,None,NONE,FALSE,FALSE,None,None,None,None,TRUE,6,6
6/25/2021 23:40,1.41E+18,Credible,"Reminder: Vaccinated people can get #COVID, especially the #DeltaVariant.  Vaccinated people can get symptomatic cases of COVID. Vaccinated people can spread COVID. Vaccines aren't magic. They're awesome. But they aren't perfect. #COVIDisAirborne. #MaskUp. https://t.co/3GQX9IPi6W",COVID,Twitter for Android,435984197,Karen #WearAMask,riceboilsover,"Waukesha, WI",NONE,I live in the woods and love books. #MaskUp because #COVIDisAirborne. #BlackLivesMatter #StopLine3 #AbolishICE #GreenNewDeal (she/her),None,FALSE,205,659,4,12/13/2011 17:15,39894,None,FALSE,FALSE,16480,None,NONE,FALSE,FALSE,None,None,None,None,TRUE,0,0
6/25/2021 23:14,1.41E+18,Credible,#COVID is spreading like wild fire amongst young adults who are mostly not vaccinated and are mixing a lot indoors. https://t.co/SWLpbcBIkf,COVID,Twitter Web App,516933159,Mark Howell ‚ù§üíô,markhowell7,"Lambeth, London, England, UK",NONE,"Economy of democratically supervised, needs-satisfaction maximising entrepreneurs. https://t.co/rI30tKkHeF https://t.co/XrWQ6Bg35N",None,FALSE,1605,312,18,3/6/2012 22:00,18670,None,TRUE,FALSE,53160,None,NONE,FALSE,FALSE,None,None,None,None,FALSE,2,1
6/25/2021 23:02,1.41E+18,Misinformation,People that have been vaccinated have a 3.25 higher chance of dying from #COVID than unvaccinated according to #England #uk gov. @MattHancock @talkRADIO @JuliaHB1 @NickFerrariLBC  https://t.co/hiwBcPLPKF,COVID,Twitter Web App,1.38E+18,Keith Locke,ToxicMisogynist,,NONE,Man (Male Human) whom considers the use of the term 'cis' a microaggression.,None,FALSE,1,2,0,3/27/2021 15:57,75,None,FALSE,FALSE,130,None,NONE,FALSE,FALSE,None,None,None,None,FALSE,0,0
6/25/2021 22:55,1.41E+18,Credible,Think you won't get #COVID if you've had two shots?  You just won't get sick enough to be admitted to the hospital.  This fully-#vaccinated #ER #nurse who tested positive today has been generous enough to share her warning with the world.  Keep your mask on! https://t.co/aGX80g7gTj,COVID,Twitter Web App,9.98E+17,Florida Public Affairs Consultants,FLPublicAffairs,"Florida, USA",NONE,#PublicAffairs #Government #Legislature #Communications #PublicRelations #PR #Graphics #SocialMedia #Content #Marketing #Advertising,None,FALSE,521,1729,1,5/18/2018 20:34,12345,None,FALSE,FALSE,11423,None,NONE,FALSE,FALSE,None,None,None,None,TRUE,0,0
6/25/2021 22:46,1.41E+18,Misc,There is growing scepticism about the outcome of #Phuket‚Äôs reopening after it emerged that already fully vaccinated travellers on a two week holiday to the island will be subject to no less than five #Covid-19 tests at their own expense... https://t.co/wvjZmx0jHG,Phuket,Twitter Web App,2605169240,Asia-News-De,base_thai,,NONE,"The latest news from South-East Asia, with a special focus on Thailand",None,FALSE,6783,6041,194,7/5/2014 9:30,31443,None,FALSE,FALSE,90295,None,NONE,FALSE,FALSE,None,None,None,None,FALSE,4,2
6/25/2021 22:31,1.41E+18,Credible,Previously released Cleveland Clinic study.  #covid resistance from prior infection is strong (no matter what that idiot fauci and the clowns at the @CDCgov say).  Resistance also strong with the vaccinated sample but still Rex vaccine for all:  https://t.co/zAsBmRQHsl,covid,Twitter for iPhone,2244571212,James Zadvorny,jameszad,"Denver, CO",NONE,Them/They/He/Him/It/Her/She/Sir/Sire/Hisorherexcellency/etc/etc/whateveryoulikeIdon‚Äôtcare,None,FALSE,243,615,1,12/13/2013 22:07,5497,None,TRUE,FALSE,11429,None,NONE,FALSE,FALSE,None,None,"Place(_api=<tweepy.api.API object at 0x0000020BA830A580>, id='ccc924a14c815259', url='https://api.twitter.com/1.1/geo/id/ccc924a14c815259.json', place_type='city', name='Castlewood', full_name='Castlewood, CO', country_code='US', country='United States', contained_within=[], bounding_box=BoundingBox(_api=<tweepy.api.API object at 0x0000020BA830A580>, type='Polygon', coordinates=[[[-104.923061, 39.565845], [-104.872133, 39.565845], [-104.872133, 39.609617], [-104.923061, 39.609617]]]), attributes={})",None,FALSE,0,0
6/25/2021 22:25,1.41E+18,Credible,WHO urges fully vaccinated people to continue to wear masksüò∑üò∑ as delta #Covid variant spreads https://t.co/2DXVwuqyLx,Covid,Twitter Web App,48750107,Leah Sophia & Roxy Kitteh ‚òÄÔ∏è around townüèôÔ∏è,suntreeriver,Los Angelesüåû  California ‚õ±usa,NONE,living #baptizedüí¶ imagining the #NewCreationüå±üåª #BidenHarris üíôüíô Roxy: #HamClub #TorbieTroopüêæüêæ  https://t.co/MHWdzVJPgPüåµüíê,https://t.co/i71V7DfJOm,FALSE,1662,2216,66,6/19/2009 16:26,40238,None,FALSE,FALSE,35293,None,NONE,FALSE,FALSE,None,None,None,None,FALSE,0,1
6/24/2021 17:56,1.41E+18,Credible,"There are other side effects  following #COVID-19 vaccines are #fatigue, a #fever, #headaches, body aches, chills, #nausea, #diarrhea, and pain at the site of injection, according to the World Health OrganizationTrusted Source. https://t.co/amz1Py2lDg",COVID,Twitter Web App,110838368,Adino Adonai,Adinoadonai,los angeles,NONE,"artist, musician,counselor, humanitarian, philosopher, priest (not Joel Osteen)
 A servant of humanity!",https://t.co/7VEEuqfE4K,FALSE,382,141,23,2/2/2010 23:14,480,None,TRUE,FALSE,42171,None,NONE,FALSE,FALSE,None,None,None,None,TRUE,0,0
6/24/2021 13:34,1.41E+18,Misc,#MonsoonMaladies in times of #COVID  Common #symptoms for malaria and dengue is fever and fatigue. -Dr. Farhad Kapadia  LIVE ON YouTube: https://t.co/GjML3j7mk1   #monsoon #malaria #dengue,MonsoonMaladies,Twitter Web App,2348159346,TogetherVCAN,Together_VCAN,Mumbai,NONE,We are a Portal that provides citizens of Mumbai with the tools & knowledge to solve common civic & community problems themselves. I Can You Can & Together VCAN,None,FALSE,1273,524,10,2/17/2014 8:43,851,None,TRUE,FALSE,4674,None,NONE,FALSE,FALSE,None,None,None,None,FALSE,0,1
6/24/2021 13:27,1.41E+18,Misc,#MonsoonMaladies in times of #COVID  Go to the hospital if you are: breathless/lightheaded/confused/passing less urine -Dr. Farhad Kapadia  LIVE ON YouTube: https://t.co/GjML3j7mk1  #COVID19India #Monsoon #rains #malaria #typhoid #flu #fever,MonsoonMaladies,Twitter Web App,2348159346,TogetherVCAN,Together_VCAN,Mumbai,NONE,We are a Portal that provides citizens of Mumbai with the tools & knowledge to solve common civic & community problems themselves. I Can You Can & Together VCAN,None,FALSE,1273,524,10,2/17/2014 8:43,851,None,TRUE,FALSE,4674,None,NONE,FALSE,FALSE,None,None,None,None,FALSE,0,0
6/24/2021 10:46,1.41E+18,Credible,"Seeing same across #LondonUK schools. Symptoms seem mild, but then testing positive. Possible it‚Äôs milder symptoms for people who‚Äôve had #covid before. For those who haven‚Äôt, it‚Äôs the classic #covid19 symptoms of high fever, fatigue, chest pain, difficulty breathing. https://t.co/AU52YIQYpp",LondonUK,Twitter for iPhone,110716366,gs2010,gs2010chat,,NONE,,None,FALSE,22,222,1,2/2/2010 14:41,952,None,FALSE,FALSE,1085,None,NONE,FALSE,FALSE,None,None,None,None,TRUE,0,0
6/24/2021 10:26,1.41E+18,Misc,Wife got her second #COVID shot. Symptoms include a slight fever and the need to have a nap right when the dog decides to mash his poop into his backside when there's a sink full of dirty dishes and the gloves have a hole in the finger and I didn't see the second pair because... https://t.co/MJxWTu2omL,COVID,Twitter Web App,95105390,James Harbinson,storymon,Ottawa,NONE,"Screenwriter: If procrastination was an art form, I'd win an award from a former Soviet bloc country that wouldn't be impressive when you looked at it closely.",None,FALSE,273,244,14,12/7/2009 0:58,42,None,TRUE,FALSE,175,None,NONE,FALSE,FALSE,None,None,None,None,FALSE,0,1
6/24/2021 5:30,1.41E+18,Credible,"The initial #COVID-19 symptoms like sore throat and fever may be similar to that of a normal #flu or cold. If you  experience these symptoms, stay at home and be sure to consult your doctor if they persist. #KomeshaKorona https://t.co/UJHNVYntBA",COVID,Hootsuite Inc.,2164614444,Practical Action in East Africa,PA_EastAfrica,"Nairobi, Kenya",NONE,We are an international development organisation putting ingenious ideas to work so people in poverty can change their world,https://t.co/lvUCvcCCnH,FALSE,4178,919,26,10/30/2013 11:32,19071,None,TRUE,FALSE,2286,None,NONE,FALSE,FALSE,None,None,None,None,FALSE,0,0
6/23/2021 15:36,1.41E+18,Misc,"Have a family member who became sick with a MYSTERIOUS illness in November '19, fever, chills, muscle-aches etc. Much worse than influenza, (tested negative for the flu). 4 months later we realized it was #COVID https://t.co/FHPe5OGFpu",COVID,Twitter for Android,47390630,Rabbi Yisroel Kahan,ykahan,"New York, USA",NONE,"Member @RocklandGov Human Rights Comm, Govt Liaison @RabbinicalOf, Asst. to Mayor & Police Commr @TheSpringValley, Fmr. Comm. Liaison @Ramapo_PD.",https://t.co/kA2NyVTapq,FALSE,2876,152,8,6/15/2009 17:33,3376,None,TRUE,FALSE,2784,None,NONE,FALSE,FALSE,None,None,None,None,TRUE,1,1
6/23/2021 11:47,1.41E+18,Credible,"Covid 19 symptoms - Common signs of infection include respiratory symptoms, fever, cough, shortness of breath and breathing difficulties. Stay Safe wear a mask  #washhands #covid #staysafe #stayhome #coronavirus #socialdistancing #washyourhands #corona #quarantine #stayhealthy... https://t.co/P8n1yDWK1E",washhands,Socialit.io,1.36E+18,Aditya Hospital,adityahospital_,Adilabad,NONE,Take the best care under highly experienced and skilled doctors. Our fully stocked hospital has a bustling and friendly staff as well as a laboratory with advan,https://t.co/L9KnPI98Vs,FALSE,0,1,0,2/7/2021 4:07,0,None,FALSE,FALSE,37,None,NONE,FALSE,FALSE,None,None,None,None,FALSE,0,0
6/23/2021 20:56,1.41E+18,Misc,"Organizing committee officials are also worried about this situation.  'When a situation occurs in the Olympic Village where people get excited by drinking alcohol and have physical relationships, clusters occur. #Tokyo2020 #Êù±‰∫¨‰∫îËº™„ÅÆ‰∏≠Ê≠¢„ÇíÊ±Ç„ÇÅ„Åæ„Åô #Covid https://t.co/dGF7pVnjZR",Tokyo2020,Twitter for Android,972021252,JackBauer,jackbaur24x,,NONE,,None,FALSE,278,3646,3,11/26/2012 14:07,6239,None,FALSE,FALSE,22678,None,NONE,FALSE,FALSE,None,None,None,None,FALSE,0,0
6/23/2021 20:29,1.41E+18,Misc,"Although many COVID-19 pandemic restrictions are lifting, international travelers are still required to get tested for travel - that‚Äôs where Travel Testing with Acutis Reveal can help. Visit https://t.co/uLnud5Kc5m for more information.   #covid #covidtesting #travelrestrictions https://t.co/i8IgKh95Ky",covid,Twitter Web App,1.32E+18,Acutis Diagnostics,AcutisLab,"400 Karin Lane, Hicksville, NY",NONE,Rapid and reliable diagnostic insights that impact clinical decisions in infectious disease and clinical toxicology for the medical community and related fields,https://t.co/JlnQofkoDH,FALSE,18,164,0,10/23/2020 15:15,57,None,FALSE,FALSE,308,None,NONE,FALSE,FALSE,None,None,None,None,FALSE,0,0
6/23/2021 2:22,1.41E+18,Credible,"The thing is, state premiers (and prime ministers) and medical experts do not always get it right.  So please, if there are any active #Covid cases in your state, stay home where possible, #WearAMask and definitely do not travel interstate. #COVID19Vic #COVID19nsw",Covid,Twitter for Android,9.19E+17,Austin P. Sheehan,AustinPSheehan,"Melbourne, Victoria",NONE,"Speculative Fiction writer, reader, and blogger.  Parent to two rescued greyhounds.  He/Them.",https://t.co/GgAW1ry8Xm,FALSE,6329,5770,68,10/13/2017 7:32,25199,None,TRUE,FALSE,11496,None,NONE,FALSE,FALSE,None,None,None,None,FALSE,0,6
6/22/2021 18:11,1.41E+18,Misinformation,Study on the electromagnetism of people vaccinated in Luxembourg Scientists in Luxembourg recently decided to test COVID-vaccine social-media vaccine magnetism reports. 29/30 magnetized @GramPepe1  https://t.co/yjKrWH0kjn,N/A,Twitter Web App,8.33E+17,QuodExperrectus,HoneeDesigner,,NONE,Fashion/Industrial Designer,None,FALSE,2973,862,12,2/18/2017 14:20,59723,None,FALSE,FALSE,42805,None,NONE,FALSE,FALSE,None,None,None,None,FALSE,2,0
6/22/2021 3:36,1.41E+18,Misinformation,Covid-19 vaccines are causing an alarming rise in infertility and prostate cancer https://t.co/wESarGYx3G,N/A,Twitter for iPhone,1.25E+18,Bogdan,Bogdan36696486,,NONE,,None,FALSE,1,14,0,4/2/2020 3:30,108,None,FALSE,FALSE,34,None,NONE,FALSE,FALSE,None,None,None,None,FALSE,0,1
6/20/2021 16:25,1.41E+18,Misinformation,"I give it a couple of years, and then they will announce a 'mysterious and unkown' side effect (they totally planned, BTW) of the Covid vaccine will be less fertility, or infertility. The goal is to control world population. Watch and see.",N/A,Twitter for Android,1.01E+18,Tyler Donovan ü•Å,Tyler_Donovan_1,"South Carolina, USA",NONE,"XRP baby! Ripple has a dream-team and my boat is coming into port soon!!! Born in Pennsylvania, USA moved to Myrtle Beach, SC, USA. Beach life.  :-)",None,FALSE,866,504,1,6/11/2018 16:03,14665,None,TRUE,FALSE,4984,None,NONE,FALSE,FALSE,None,None,None,None,FALSE,0,5
6/22/2021 12:00,1.41E+18,Misinformation,"The leader of a church has claimed that he had supplied industrial bleach to Donald Trump, before he talked about how drinking bleach might be a solution to the deadly coronavirus  https://t.co/bzNRtaUFMz",N/A,TweetDeck,7.12E+17,WION,WIONews,India,NONE,#WION: World Is One | Welcome to India‚Äôs first global news network. We present global stories with an Indian perspective. | https://t.co/V3tpBavoXE,https://t.co/mmzWsrtj7H,FALSE,346086,94,1262,3/21/2016 3:44,7474,None,TRUE,TRUE,180412,None,NONE,FALSE,FALSE,None,None,None,None,FALSE,2,18
9/22/2020 14:09,1.31E+18,Misinformation,Masks are not safe!  They decrease your Oxygen intake and increases your toxin inhalation.  Join the movement!  Say NO to Masks! üö´  #NoMask #antimask #MasksOff  #antimaskmovement #NoMasks,NoMask,Twitter for Android,1.31E+18,Anti-Masks Movement #NoMasks #Antimasks,AntiMaskMove,,NONE,Masks are not safe  ‚ò¢Ô∏è  Say NO to Masks! üö´  üëâüèºhttps://t.co/9KLuDgbYV7,None,FALSE,62,26,0,9/22/2020 13:26,450,None,FALSE,FALSE,32,None,NONE,FALSE,FALSE,None,None,None,None,FALSE,1,5
12/8/2020 15:42,1.34E+18,Misinformation,"No, I wont need it. üòâüòâ I already have had COVID üòâüòâ so I have natural antibodies. üòâüòâ Dont need your Gates Vaccine... https://t.co/zjmENi80nA https://t.co/eWRsPN3WZY",N/A,Twitter for Android,637138985,Brian Goodlife üá∫üá≤ pronouns .45acp/9mm,BrianGoodlife,"Orange County, CA",NONE,"#CommieResisterüõ° | California native | Constitutional Originalist | God, Country, Family - 'I don't usually wear cologne but when I do I wear Hoppes #9'",None,FALSE,3471,3700,1,7/16/2012 17:34,92981,None,FALSE,FALSE,73113,None,NONE,FALSE,FALSE,None,None,None,None,TRUE,0,0
11/14/2020 0:09,1.33E+18,Misinformation,"@JamesTodaroMD @TechBalt I'll pass on the bullshit covid vaccine!  I'd rather go drink some coconuts, eat some jack fruit, and run on the beach and hit the sauna if I catch a flu...  Government already has my DNA samples... I don't need them injecting tracking devices in me under pretense of a vaccine!",N/A,Twitter Web App,215493429,Tai Zen,HeyTaiZen,"Dallas, HCMC, Da Nang, Bangkok",NONE,"Trader, Entrepreneur & CEO at https://t.co/aUFOoSdbHm & Co-Creator of the TaiFu‚Ñ¢ 30 Cryptocurrency Market Index at https://t.co/I81ZIuaX6M",https://t.co/0HluXrRptY,FALSE,28400,103,485,11/14/2010 2:55,8507,None,FALSE,FALSE,14177,None,NONE,FALSE,FALSE,None,None,None,None,FALSE,0,6
4/11/2021 10:53,1.38E+18,Misinformation,Corona is a fake virus  Covid is a fake #TikaUtsav https://t.co/sOLSCTVZXn,TikaUtsav,Twitter for Android,1.37E+18,Harninder,Harninder19,,NONE,,None,FALSE,8,8,0,2/28/2021 5:56,2690,None,FALSE,FALSE,314,None,NONE,FALSE,FALSE,None,None,None,None,FALSE,1,1
4/23/2021 14:13,1.39E+18,Misinformation,"Masks: Don't stop a virus.  America STOP wearing STUPID DEMOCRAT MASKS.  This is all a fraud designed to control the masses.  Don't take the Vaccine as Covid is nothing but a Flu type virus, less harmful than the flu.  This is a fact! https://t.co/Y6Qx8euBaY",N/A,Twitter Web App,3932314393,Montana News,MontananewsNews,,NONE,,https://t.co/6rqzk5YaEQ,FALSE,12723,13033,10,10/18/2015 4:41,8152,None,FALSE,FALSE,13479,None,NONE,FALSE,FALSE,None,None,None,None,TRUE,2,2
10/11/2020 1:52,1.32E+18,Misinformation,@RampCapitalLLC 'covid vaccine causes autism',N/A,Twitter Web App,92378676,kevin,thekevincurtin,"Los Angeles, CA",NONE,"music, esports, tech, memes ‚Ä¢ @AmazonMusic SDE ‚Ä¢ aka akubar ‚Ä¢ former @SeaUnderground resident ‚Ä¢ ideas exprssed are not my own",https://t.co/1UiYnuIIPt,FALSE,240,996,3,11/24/2009 22:09,21582,None,FALSE,FALSE,6578,None,NONE,FALSE,FALSE,None,None,None,None,FALSE,0,1
6/21/2021 19:56,1.41E+18,Misinformation,"Deeply shy and nocturnal mammals, pangolins are hunted primarily for their scales, which are used for medicinal purposes despite no evidence of health benefits. Its meat is also sometimes sold as an exotic  delicacy.  Some blame it for transmitting Covid https://t.co/DN22JsizzD",N/A,Twitter Web App,1.13E+18,üåê Orb Planet üåä Resister üî• #ClimateChange,OrbPlanet,Planet A,NONE,#ClimateCrisis üî• #Science üß¨ #Environment üå≤üêæ Electrical Eng  #StopLine3 #ClimateAction #USNvetüê¨üêä #EndFilibuster  #Vaxxed  #BLM #Equality #HR1 #BidenHarris,None,FALSE,65736,60069,66,5/28/2019 20:02,10415,None,FALSE,FALSE,14280,None,NONE,FALSE,FALSE,None,None,None,None,FALSE,0,4
6/27/2021 16:10,1.41E+18,Misinformation,Still waiting for proof covid exists. Hint cold and flu and no symptoms at all do not count. Nor does a fake test that does not diagnose illness.,N/A,Twitter Web App,1.37E+18,MiOWNopinions - RE-FOLLOW,MiNopinions,,NONE,freedomüá®üá¶,None,FALSE,1507,953,2,3/6/2021 3:08,4303,None,FALSE,FALSE,4316,None,NONE,FALSE,FALSE,None,None,None,None,FALSE,0,5
